ID,"Oznaczenie lokalu","Cena [PLN]","Cena za m² [PLN]","Data aktualizacji","Cena przed zmianą [PLN]","Cena za m² przed zmianą [PLN]","Nazwa dewelopera","Forma prawna dewelopera","Nr NIP","Nr REGON","Nr telefonu","Adres poczty elektronicznej","Adres strony internetowej dewelopera","Województwo adresu siedziby/głównego miejsca wykonywania działalności gospodarczej dewelopera","Powiat adresu siedziby/głównego miejsca wykonywania działalności gospodarczej dewelopera","Gmina adresu siedziby/głównego miejsca wykonywania działalności gospodarczej dewelopera","Miejscowość adresu siedziby/głównego miejsca wykonywania działalności gospodarczej dewelopera","Ulica adresu siedziby/głównego miejsca wykonywania działalności gospodarczej dewelopera","Nr nieruchomości adresu siedziby/głównego miejsca wykonywania działalności gospodarczej dewelopera","Nr lokalu adresu siedziby/głównego miejsca wykonywania działalności gospodarczej dewelopera","Kod pocztowy adresu siedziby/głównego miejsca wykonywania działalności gospodarczej dewelopera","Województwo adresu lokalu, w którym prowadzona jest sprzedaż","Powiat adresu lokalu, w którym prowadzona jest sprzedaż","Gmina adresu lokalu, w którym prowadzona jest sprzedaż","Miejscowość adresu lokalu, w którym prowadzona jest sprzedaż","Ulica adresu lokalu, w którym prowadzona jest sprzedaż","Nr nieruchomości adresu lokalu, w którym prowadzona jest sprzedaż","Nr lokalu adresu lokalu, w którym prowadzona jest sprzedaż","Kod pocztowy adresu lokalu, w którym prowadzona jest sprzedaż","Sposób kontaktu nabywcy z deweloperem"
10856,"Mieszkanie 9/M3/6C",363771.00,7290.00,"2025-09-05 19:11:50",,,"Arkadia Park","indywidualna działalność gospodarcza",9251833765,080011636,"+48 532 11 00 44",sprzedaz@arkadiapark.pl,https://arkadiapark.pl/,lubuskie,nowosolski,"Nowa Sól","Nowa Sól",Fredry,1,U2,67-100,lubuskie,nowosolski,"Nowa Sól","Nowa Sól",Fredry,1,U2,67-100,"formularz, telefoniczny, e-mail"
10872,"Mieszkanie 2/M3a/6B",415695.00,7490.00,"2025-09-05 19:11:50",,,"Arkadia Park","indywidualna działalność gospodarcza",9251833765,080011636,"+48 532 11 00 44",sprzedaz@arkadiapark.pl,https://arkadiapark.pl/,lubuskie,nowosolski,"Nowa Sól","Nowa Sól",Fredry,1,U2,67-100,lubuskie,nowosolski,"Nowa Sól","Nowa Sól",Fredry,1,U2,67-100,"formularz, telefoniczny, e-mail"
10886,"Mieszkanie 3/M3b/6B",450898.00,7490.00,"2025-09-05 19:11:50",,,"Arkadia Park","indywidualna działalność gospodarcza",9251833765,080011636,"+48 532 11 00 44",sprzedaz@arkadiapark.pl,https://arkadiapark.pl/,lubuskie,nowosolski,"Nowa Sól","Nowa Sól",Fredry,1,U2,67-100,lubuskie,nowosolski,"Nowa Sól","Nowa Sól",Fredry,1,U2,67-100,"formularz, telefoniczny, e-mail"
10896,"Mieszkanie 4/M2/6B",340032.00,7590.00,"2025-09-05 19:11:50",,,"Arkadia Park","indywidualna działalność gospodarcza",9251833765,080011636,"+48 532 11 00 44",sprzedaz@arkadiapark.pl,https://arkadiapark.pl/,lubuskie,nowosolski,"Nowa Sól","Nowa Sól",Fredry,1,U2,67-100,lubuskie,nowosolski,"Nowa Sól","Nowa Sól",Fredry,1,U2,67-100,"formularz, telefoniczny, e-mail"
10910,"Mieszkanie 5/M2/6B",340032.00,7590.00,"2025-09-05 19:11:50",,,"Arkadia Park","indywidualna działalność gospodarcza",9251833765,080011636,"+48 532 11 00 44",sprzedaz@arkadiapark.pl,https://arkadiapark.pl/,lubuskie,nowosolski,"Nowa Sól","Nowa Sól",Fredry,1,U2,67-100,lubuskie,nowosolski,"Nowa Sól","Nowa Sól",Fredry,1,U2,67-100,"formularz, telefoniczny, e-mail"
10920,"Mieszkanie 6/M2a/6B",356524.00,7490.00,"2025-09-05 19:11:50",,,"Arkadia Park","indywidualna działalność gospodarcza",9251833765,080011636,"+48 532 11 00 44",sprzedaz@arkadiapark.pl,https://arkadiapark.pl/,lubuskie,nowosolski,"Nowa Sól","Nowa Sól",Fredry,1,U2,67-100,lubuskie,nowosolski,"Nowa Sól","Nowa Sól",Fredry,1,U2,67-100,"formularz, telefoniczny, e-mail"
10934,"Mieszkanie 7/M3c/6B",430675.00,7490.00,"2025-09-05 19:11:50",,,"Arkadia Park","indywidualna działalność gospodarcza",9251833765,080011636,"+48 532 11 00 44",sprzedaz@arkadiapark.pl,https://arkadiapark.pl/,lubuskie,nowosolski,"Nowa Sól","Nowa Sól",Fredry,1,U2,67-100,lubuskie,nowosolski,"Nowa Sól","Nowa Sól",Fredry,1,U2,67-100,"formularz, telefoniczny, e-mail"
10948,"Mieszkanie 8/M3d/6B",456890.00,7490.00,"2025-09-05 19:11:50",,,"Arkadia Park","indywidualna działalność gospodarcza",9251833765,080011636,"+48 532 11 00 44",sprzedaz@arkadiapark.pl,https://arkadiapark.pl/,lubuskie,nowosolski,"Nowa Sól","Nowa Sól",Fredry,1,U2,67-100,lubuskie,nowosolski,"Nowa Sól","Nowa Sól",Fredry,1,U2,67-100,"formularz, telefoniczny, e-mail"
10962,"Mieszkanie 9/M4/6B",561750.00,7490.00,"2025-09-05 19:11:50",,,"Arkadia Park","indywidualna działalność gospodarcza",9251833765,080011636,"+48 532 11 00 44",sprzedaz@arkadiapark.pl,https://arkadiapark.pl/,lubuskie,nowosolski,"Nowa Sól","Nowa Sól",Fredry,1,U2,67-100,lubuskie,nowosolski,"Nowa Sól","Nowa Sól",Fredry,1,U2,67-100,"formularz, telefoniczny, e-mail"
11012,"Mieszkanie 10/M3/6B",378741.00,7590.00,"2025-09-05 19:11:50",,,"Arkadia Park","indywidualna działalność gospodarcza",9251833765,080011636,"+48 532 11 00 44",sprzedaz@arkadiapark.pl,https://arkadiapark.pl/,lubuskie,nowosolski,"Nowa Sól","Nowa Sól",Fredry,1,U2,67-100,lubuskie,nowosolski,"Nowa Sól","Nowa Sól",Fredry,1,U2,67-100,"formularz, telefoniczny, e-mail"
11054,"Mieszkanie 11/M3a/6B",415695.00,7490.00,"2025-09-05 19:11:50",,,"Arkadia Park","indywidualna działalność gospodarcza",9251833765,080011636,"+48 532 11 00 44",sprzedaz@arkadiapark.pl,https://arkadiapark.pl/,lubuskie,nowosolski,"Nowa Sól","Nowa Sól",Fredry,1,U2,67-100,lubuskie,nowosolski,"Nowa Sól","Nowa Sól",Fredry,1,U2,67-100,"formularz, telefoniczny, e-mail"
11068,"Mieszkanie 12/M3b/6B",450898.00,7490.00,"2025-09-05 19:11:50",,,"Arkadia Park","indywidualna działalność gospodarcza",9251833765,080011636,"+48 532 11 00 44",sprzedaz@arkadiapark.pl,https://arkadiapark.pl/,lubuskie,nowosolski,"Nowa Sól","Nowa Sól",Fredry,1,U2,67-100,lubuskie,nowosolski,"Nowa Sól","Nowa Sól",Fredry,1,U2,67-100,"formularz, telefoniczny, e-mail"
11082,"Mieszkanie 13/M2/6B",340032.00,7590.00,"2025-09-05 19:11:50",,,"Arkadia Park","indywidualna działalność gospodarcza",9251833765,080011636,"+48 532 11 00 44",sprzedaz@arkadiapark.pl,https://arkadiapark.pl/,lubuskie,nowosolski,"Nowa Sól","Nowa Sól",Fredry,1,U2,67-100,lubuskie,nowosolski,"Nowa Sól","Nowa Sól",Fredry,1,U2,67-100,"formularz, telefoniczny, e-mail"
11096,"Mieszkanie 14/M2/6B",340032.00,7590.00,"2025-09-05 19:11:50",,,"Arkadia Park","indywidualna działalność gospodarcza",9251833765,080011636,"+48 532 11 00 44",sprzedaz@arkadiapark.pl,https://arkadiapark.pl/,lubuskie,nowosolski,"Nowa Sól","Nowa Sól",Fredry,1,U2,67-100,lubuskie,nowosolski,"Nowa Sól","Nowa Sól",Fredry,1,U2,67-100,"formularz, telefoniczny, e-mail"
11110,"Mieszkanie 15/M2a/6B",356524.00,7490.00,"2025-09-05 19:11:50",,,"Arkadia Park","indywidualna działalność gospodarcza",9251833765,080011636,"+48 532 11 00 44",sprzedaz@arkadiapark.pl,https://arkadiapark.pl/,lubuskie,nowosolski,"Nowa Sól","Nowa Sól",Fredry,1,U2,67-100,lubuskie,nowosolski,"Nowa Sól","Nowa Sól",Fredry,1,U2,67-100,"formularz, telefoniczny, e-mail"
11124,"Mieszkanie 16/M3c/6B",430675.00,7490.00,"2025-09-05 19:11:50",,,"Arkadia Park","indywidualna działalność gospodarcza",9251833765,080011636,"+48 532 11 00 44",sprzedaz@arkadiapark.pl,https://arkadiapark.pl/,lubuskie,nowosolski,"Nowa Sól","Nowa Sól",Fredry,1,U2,67-100,lubuskie,nowosolski,"Nowa Sól","Nowa Sól",Fredry,1,U2,67-100,"formularz, telefoniczny, e-mail"
11138,"Mieszkanie 17/M3d/6B",456890.00,7490.00,"2025-09-05 19:11:50",,,"Arkadia Park","indywidualna działalność gospodarcza",9251833765,080011636,"+48 532 11 00 44",sprzedaz@arkadiapark.pl,https://arkadiapark.pl/,lubuskie,nowosolski,"Nowa Sól","Nowa Sól",Fredry,1,U2,67-100,lubuskie,nowosolski,"Nowa Sól","Nowa Sól",Fredry,1,U2,67-100,"formularz, telefoniczny, e-mail"
11152,"Mieszkanie 18/M4/6B",561750.00,7490.00,"2025-09-05 19:11:50",,,"Arkadia Park","indywidualna działalność gospodarcza",9251833765,080011636,"+48 532 11 00 44",sprzedaz@arkadiapark.pl,https://arkadiapark.pl/,lubuskie,nowosolski,"Nowa Sól","Nowa Sól",Fredry,1,U2,67-100,lubuskie,nowosolski,"Nowa Sól","Nowa Sól",Fredry,1,U2,67-100,"formularz, telefoniczny, e-mail"
11166,"Mieszkanie 19/M3/6B",378741.00,7590.00,"2025-09-05 19:11:50",,,"Arkadia Park","indywidualna działalność gospodarcza",9251833765,080011636,"+48 532 11 00 44",sprzedaz@arkadiapark.pl,https://arkadiapark.pl/,lubuskie,nowosolski,"Nowa Sól","Nowa Sól",Fredry,1,U2,67-100,lubuskie,nowosolski,"Nowa Sól","Nowa Sól",Fredry,1,U2,67-100,"formularz, telefoniczny, e-mail"
11213,"Mieszkanie 20/M3a/6B",415695.00,7490.00,"2025-09-05 19:11:49",,,"Arkadia Park","indywidualna działalność gospodarcza",9251833765,080011636,"+48 532 11 00 44",sprzedaz@arkadiapark.pl,https://arkadiapark.pl/,lubuskie,nowosolski,"Nowa Sól","Nowa Sól",Fredry,1,U2,67-100,lubuskie,nowosolski,"Nowa Sól","Nowa Sól",Fredry,1,U2,67-100,"formularz, telefoniczny, e-mail"
11227,"Mieszkanie 21/M3e/6B",417193.00,7490.00,"2025-09-05 19:11:49",,,"Arkadia Park","indywidualna działalność gospodarcza",9251833765,080011636,"+48 532 11 00 44",sprzedaz@arkadiapark.pl,https://arkadiapark.pl/,lubuskie,nowosolski,"Nowa Sól","Nowa Sól",Fredry,1,U2,67-100,lubuskie,nowosolski,"Nowa Sól","Nowa Sól",Fredry,1,U2,67-100,"formularz, telefoniczny, e-mail"
11241,"Mieszkanie 22/M2/6B",340032.00,7590.00,"2025-09-05 19:11:49",,,"Arkadia Park","indywidualna działalność gospodarcza",9251833765,080011636,"+48 532 11 00 44",sprzedaz@arkadiapark.pl,https://arkadiapark.pl/,lubuskie,nowosolski,"Nowa Sól","Nowa Sól",Fredry,1,U2,67-100,lubuskie,nowosolski,"Nowa Sól","Nowa Sól",Fredry,1,U2,67-100,"formularz, telefoniczny, e-mail"
11255,"Mieszkanie 23/M2/6B",340032.00,7590.00,"2025-09-05 19:11:49",,,"Arkadia Park","indywidualna działalność gospodarcza",9251833765,080011636,"+48 532 11 00 44",sprzedaz@arkadiapark.pl,https://arkadiapark.pl/,lubuskie,nowosolski,"Nowa Sól","Nowa Sól",Fredry,1,U2,67-100,lubuskie,nowosolski,"Nowa Sól","Nowa Sól",Fredry,1,U2,67-100,"formularz, telefoniczny, e-mail"
11269,"Mieszkanie 24/M2a/6B",356524.00,7490.00,"2025-09-05 19:11:49",,,"Arkadia Park","indywidualna działalność gospodarcza",9251833765,080011636,"+48 532 11 00 44",sprzedaz@arkadiapark.pl,https://arkadiapark.pl/,lubuskie,nowosolski,"Nowa Sól","Nowa Sól",Fredry,1,U2,67-100,lubuskie,nowosolski,"Nowa Sól","Nowa Sól",Fredry,1,U2,67-100,"formularz, telefoniczny, e-mail"
11283,"Mieszkanie 25/M3c/6B",430675.00,7490.00,"2025-09-05 19:11:49",,,"Arkadia Park","indywidualna działalność gospodarcza",9251833765,080011636,"+48 532 11 00 44",sprzedaz@arkadiapark.pl,https://arkadiapark.pl/,lubuskie,nowosolski,"Nowa Sól","Nowa Sól",Fredry,1,U2,67-100,lubuskie,nowosolski,"Nowa Sól","Nowa Sól",Fredry,1,U2,67-100,"formularz, telefoniczny, e-mail"
11297,"Mieszkanie 26/M3f/6B",432922.00,7490.00,"2025-09-05 19:11:49",,,"Arkadia Park","indywidualna działalność gospodarcza",9251833765,080011636,"+48 532 11 00 44",sprzedaz@arkadiapark.pl,https://arkadiapark.pl/,lubuskie,nowosolski,"Nowa Sól","Nowa Sól",Fredry,1,U2,67-100,lubuskie,nowosolski,"Nowa Sól","Nowa Sól",Fredry,1,U2,67-100,"formularz, telefoniczny, e-mail"
11311,"Mieszkanie 27/M4/6B",561750.00,7490.00,"2025-09-05 19:11:49",,,"Arkadia Park","indywidualna działalność gospodarcza",9251833765,080011636,"+48 532 11 00 44",sprzedaz@arkadiapark.pl,https://arkadiapark.pl/,lubuskie,nowosolski,"Nowa Sól","Nowa Sól",Fredry,1,U2,67-100,lubuskie,nowosolski,"Nowa Sól","Nowa Sól",Fredry,1,U2,67-100,"formularz, telefoniczny, e-mail"
11446,"Miejsce postojowe AK/2G",45000.00,,"2025-09-05 19:11:49",,,"Arkadia Park","indywidualna działalność gospodarcza",9251833765,080011636,"+48 532 11 00 44",sprzedaz@arkadiapark.pl,https://arkadiapark.pl/,lubuskie,nowosolski,"Nowa Sól","Nowa Sól",Fredry,1,U2,67-100,lubuskie,nowosolski,"Nowa Sól","Nowa Sól",Fredry,1,U2,67-100,"formularz, telefoniczny, e-mail"
11466,"Miejsce postojowe K6E/20G",39000.00,,"2025-09-05 19:11:49",,,"Arkadia Park","indywidualna działalność gospodarcza",9251833765,080011636,"+48 532 11 00 44",sprzedaz@arkadiapark.pl,https://arkadiapark.pl/,lubuskie,nowosolski,"Nowa Sól","Nowa Sól",Fredry,1,U2,67-100,lubuskie,nowosolski,"Nowa Sól","Nowa Sól",Fredry,1,U2,67-100,"formularz, telefoniczny, e-mail"
11467,"Miejsce postojowe K6E/21G",39000.00,,"2025-09-05 19:11:49",,,"Arkadia Park","indywidualna działalność gospodarcza",9251833765,080011636,"+48 532 11 00 44",sprzedaz@arkadiapark.pl,https://arkadiapark.pl/,lubuskie,nowosolski,"Nowa Sól","Nowa Sól",Fredry,1,U2,67-100,lubuskie,nowosolski,"Nowa Sól","Nowa Sól",Fredry,1,U2,67-100,"formularz, telefoniczny, e-mail"
11468,"Miejsce postojowe K6E/22G",39000.00,,"2025-09-05 19:11:49",,,"Arkadia Park","indywidualna działalność gospodarcza",9251833765,080011636,"+48 532 11 00 44",sprzedaz@arkadiapark.pl,https://arkadiapark.pl/,lubuskie,nowosolski,"Nowa Sól","Nowa Sól",Fredry,1,U2,67-100,lubuskie,nowosolski,"Nowa Sól","Nowa Sól",Fredry,1,U2,67-100,"formularz, telefoniczny, e-mail"
11469,"Miejsce postojowe K6D/17G",39000.00,,"2025-09-05 19:11:49",,,"Arkadia Park","indywidualna działalność gospodarcza",9251833765,080011636,"+48 532 11 00 44",sprzedaz@arkadiapark.pl,https://arkadiapark.pl/,lubuskie,nowosolski,"Nowa Sól","Nowa Sól",Fredry,1,U2,67-100,lubuskie,nowosolski,"Nowa Sól","Nowa Sól",Fredry,1,U2,67-100,"formularz, telefoniczny, e-mail"
11470,"Miejsce postojowe K6D/2GR",65000.00,,"2025-12-04 10:49:55",55000.00,,"Arkadia Park","indywidualna działalność gospodarcza",9251833765,080011636,"+48 532 11 00 44",sprzedaz@arkadiapark.pl,https://arkadiapark.pl/,lubuskie,nowosolski,"Nowa Sól","Nowa Sól",Fredry,1,U2,67-100,lubuskie,nowosolski,"Nowa Sól","Nowa Sól",Fredry,1,U2,67-100,"formularz, telefoniczny, e-mail"
11471,"Miejsce postojowe K6C/11G",39000.00,,"2025-09-05 19:11:49",,,"Arkadia Park","indywidualna działalność gospodarcza",9251833765,080011636,"+48 532 11 00 44",sprzedaz@arkadiapark.pl,https://arkadiapark.pl/,lubuskie,nowosolski,"Nowa Sól","Nowa Sól",Fredry,1,U2,67-100,lubuskie,nowosolski,"Nowa Sól","Nowa Sól",Fredry,1,U2,67-100,"formularz, telefoniczny, e-mail"
11472,"Miejsce postojowe K6C/12G",39000.00,,"2025-09-05 19:11:49",,,"Arkadia Park","indywidualna działalność gospodarcza",9251833765,080011636,"+48 532 11 00 44",sprzedaz@arkadiapark.pl,https://arkadiapark.pl/,lubuskie,nowosolski,"Nowa Sól","Nowa Sól",Fredry,1,U2,67-100,lubuskie,nowosolski,"Nowa Sól","Nowa Sól",Fredry,1,U2,67-100,"formularz, telefoniczny, e-mail"
11473,"Miejsce postojowe K6C/13G",39000.00,,"2025-09-05 19:11:49",,,"Arkadia Park","indywidualna działalność gospodarcza",9251833765,080011636,"+48 532 11 00 44",sprzedaz@arkadiapark.pl,https://arkadiapark.pl/,lubuskie,nowosolski,"Nowa Sól","Nowa Sól",Fredry,1,U2,67-100,lubuskie,nowosolski,"Nowa Sól","Nowa Sól",Fredry,1,U2,67-100,"formularz, telefoniczny, e-mail"
11474,"Miejsce postojowe K6C/21G",39000.00,,"2025-09-05 19:11:49",,,"Arkadia Park","indywidualna działalność gospodarcza",9251833765,080011636,"+48 532 11 00 44",sprzedaz@arkadiapark.pl,https://arkadiapark.pl/,lubuskie,nowosolski,"Nowa Sól","Nowa Sól",Fredry,1,U2,67-100,lubuskie,nowosolski,"Nowa Sól","Nowa Sól",Fredry,1,U2,67-100,"formularz, telefoniczny, e-mail"
11475,"Miejsce postojowe K6C/22G",39000.00,,"2025-09-05 19:11:49",,,"Arkadia Park","indywidualna działalność gospodarcza",9251833765,080011636,"+48 532 11 00 44",sprzedaz@arkadiapark.pl,https://arkadiapark.pl/,lubuskie,nowosolski,"Nowa Sól","Nowa Sól",Fredry,1,U2,67-100,lubuskie,nowosolski,"Nowa Sól","Nowa Sól",Fredry,1,U2,67-100,"formularz, telefoniczny, e-mail"
11476,"Miejsce postojowe K6C/23G",39000.00,,"2025-09-05 19:11:49",,,"Arkadia Park","indywidualna działalność gospodarcza",9251833765,080011636,"+48 532 11 00 44",sprzedaz@arkadiapark.pl,https://arkadiapark.pl/,lubuskie,nowosolski,"Nowa Sól","Nowa Sól",Fredry,1,U2,67-100,lubuskie,nowosolski,"Nowa Sól","Nowa Sól",Fredry,1,U2,67-100,"formularz, telefoniczny, e-mail"
11477,"Miejsce postojowe K6B/11G",39000.00,,"2025-09-05 19:11:49",,,"Arkadia Park","indywidualna działalność gospodarcza",9251833765,080011636,"+48 532 11 00 44",sprzedaz@arkadiapark.pl,https://arkadiapark.pl/,lubuskie,nowosolski,"Nowa Sól","Nowa Sól",Fredry,1,U2,67-100,lubuskie,nowosolski,"Nowa Sól","Nowa Sól",Fredry,1,U2,67-100,"formularz, telefoniczny, e-mail"
11478,"Miejsce postojowe K6B/12G",39000.00,,"2025-09-05 19:11:49",,,"Arkadia Park","indywidualna działalność gospodarcza",9251833765,080011636,"+48 532 11 00 44",sprzedaz@arkadiapark.pl,https://arkadiapark.pl/,lubuskie,nowosolski,"Nowa Sól","Nowa Sól",Fredry,1,U2,67-100,lubuskie,nowosolski,"Nowa Sól","Nowa Sól",Fredry,1,U2,67-100,"formularz, telefoniczny, e-mail"
11479,"Miejsce postojowe K6B/13G",39000.00,,"2025-09-05 19:11:49",,,"Arkadia Park","indywidualna działalność gospodarcza",9251833765,080011636,"+48 532 11 00 44",sprzedaz@arkadiapark.pl,https://arkadiapark.pl/,lubuskie,nowosolski,"Nowa Sól","Nowa Sól",Fredry,1,U2,67-100,lubuskie,nowosolski,"Nowa Sól","Nowa Sól",Fredry,1,U2,67-100,"formularz, telefoniczny, e-mail"
11480,"Miejsce postojowe K6B/14G",39000.00,,"2025-09-05 19:11:49",,,"Arkadia Park","indywidualna działalność gospodarcza",9251833765,080011636,"+48 532 11 00 44",sprzedaz@arkadiapark.pl,https://arkadiapark.pl/,lubuskie,nowosolski,"Nowa Sól","Nowa Sól",Fredry,1,U2,67-100,lubuskie,nowosolski,"Nowa Sól","Nowa Sól",Fredry,1,U2,67-100,"formularz, telefoniczny, e-mail"
11481,"Miejsce postojowe K6B/15G",39000.00,,"2025-09-05 19:11:49",,,"Arkadia Park","indywidualna działalność gospodarcza",9251833765,080011636,"+48 532 11 00 44",sprzedaz@arkadiapark.pl,https://arkadiapark.pl/,lubuskie,nowosolski,"Nowa Sól","Nowa Sól",Fredry,1,U2,67-100,lubuskie,nowosolski,"Nowa Sól","Nowa Sól",Fredry,1,U2,67-100,"formularz, telefoniczny, e-mail"
11482,"Miejsce postojowe K6B/17G",39000.00,,"2025-09-05 19:11:49",,,"Arkadia Park","indywidualna działalność gospodarcza",9251833765,080011636,"+48 532 11 00 44",sprzedaz@arkadiapark.pl,https://arkadiapark.pl/,lubuskie,nowosolski,"Nowa Sól","Nowa Sól",Fredry,1,U2,67-100,lubuskie,nowosolski,"Nowa Sól","Nowa Sól",Fredry,1,U2,67-100,"formularz, telefoniczny, e-mail"
11483,"Miejsce postojowe K6B/18G",39000.00,,"2025-09-05 19:11:49",,,"Arkadia Park","indywidualna działalność gospodarcza",9251833765,080011636,"+48 532 11 00 44",sprzedaz@arkadiapark.pl,https://arkadiapark.pl/,lubuskie,nowosolski,"Nowa Sól","Nowa Sól",Fredry,1,U2,67-100,lubuskie,nowosolski,"Nowa Sól","Nowa Sól",Fredry,1,U2,67-100,"formularz, telefoniczny, e-mail"
11484,"Miejsce postojowe K6B/19G",39000.00,,"2025-09-05 19:11:49",,,"Arkadia Park","indywidualna działalność gospodarcza",9251833765,080011636,"+48 532 11 00 44",sprzedaz@arkadiapark.pl,https://arkadiapark.pl/,lubuskie,nowosolski,"Nowa Sól","Nowa Sól",Fredry,1,U2,67-100,lubuskie,nowosolski,"Nowa Sól","Nowa Sól",Fredry,1,U2,67-100,"formularz, telefoniczny, e-mail"
11485,"Miejsce postojowe K6B/20G",39000.00,,"2025-09-05 19:11:49",,,"Arkadia Park","indywidualna działalność gospodarcza",9251833765,080011636,"+48 532 11 00 44",sprzedaz@arkadiapark.pl,https://arkadiapark.pl/,lubuskie,nowosolski,"Nowa Sól","Nowa Sól",Fredry,1,U2,67-100,lubuskie,nowosolski,"Nowa Sól","Nowa Sól",Fredry,1,U2,67-100,"formularz, telefoniczny, e-mail"
11486,"Miejsce postojowe K6B/21G",39000.00,,"2025-09-05 19:11:49",,,"Arkadia Park","indywidualna działalność gospodarcza",9251833765,080011636,"+48 532 11 00 44",sprzedaz@arkadiapark.pl,https://arkadiapark.pl/,lubuskie,nowosolski,"Nowa Sól","Nowa Sól",Fredry,1,U2,67-100,lubuskie,nowosolski,"Nowa Sól","Nowa Sól",Fredry,1,U2,67-100,"formularz, telefoniczny, e-mail"
11487,"Miejsce postojowe K6B/22G",39000.00,,"2025-09-05 19:11:49",,,"Arkadia Park","indywidualna działalność gospodarcza",9251833765,080011636,"+48 532 11 00 44",sprzedaz@arkadiapark.pl,https://arkadiapark.pl/,lubuskie,nowosolski,"Nowa Sól","Nowa Sól",Fredry,1,U2,67-100,lubuskie,nowosolski,"Nowa Sól","Nowa Sól",Fredry,1,U2,67-100,"formularz, telefoniczny, e-mail"
11488,"Miejsce postojowe K6B/23G",39000.00,,"2025-09-05 19:11:49",,,"Arkadia Park","indywidualna działalność gospodarcza",9251833765,080011636,"+48 532 11 00 44",sprzedaz@arkadiapark.pl,https://arkadiapark.pl/,lubuskie,nowosolski,"Nowa Sól","Nowa Sól",Fredry,1,U2,67-100,lubuskie,nowosolski,"Nowa Sól","Nowa Sól",Fredry,1,U2,67-100,"formularz, telefoniczny, e-mail"
11489,"Miejsce postojowe K6B/1GR",55000.00,,"2025-09-05 19:11:49",,,"Arkadia Park","indywidualna działalność gospodarcza",9251833765,080011636,"+48 532 11 00 44",sprzedaz@arkadiapark.pl,https://arkadiapark.pl/,lubuskie,nowosolski,"Nowa Sól","Nowa Sól",Fredry,1,U2,67-100,lubuskie,nowosolski,"Nowa Sól","Nowa Sól",Fredry,1,U2,67-100,"formularz, telefoniczny, e-mail"
11490,"Miejsce postojowe K6B/2GR",55000.00,,"2025-09-05 19:11:49",,,"Arkadia Park","indywidualna działalność gospodarcza",9251833765,080011636,"+48 532 11 00 44",sprzedaz@arkadiapark.pl,https://arkadiapark.pl/,lubuskie,nowosolski,"Nowa Sól","Nowa Sól",Fredry,1,U2,67-100,lubuskie,nowosolski,"Nowa Sól","Nowa Sól",Fredry,1,U2,67-100,"formularz, telefoniczny, e-mail"
11491,"Miejsce postojowe K6B/3GR",55000.00,,"2025-09-05 19:11:49",,,"Arkadia Park","indywidualna działalność gospodarcza",9251833765,080011636,"+48 532 11 00 44",sprzedaz@arkadiapark.pl,https://arkadiapark.pl/,lubuskie,nowosolski,"Nowa Sól","Nowa Sól",Fredry,1,U2,67-100,lubuskie,nowosolski,"Nowa Sól","Nowa Sól",Fredry,1,U2,67-100,"formularz, telefoniczny, e-mail"
11492,"Miejsce postojowe K6B/4GR",55000.00,,"2025-09-05 19:11:49",,,"Arkadia Park","indywidualna działalność gospodarcza",9251833765,080011636,"+48 532 11 00 44",sprzedaz@arkadiapark.pl,https://arkadiapark.pl/,lubuskie,nowosolski,"Nowa Sól","Nowa Sól",Fredry,1,U2,67-100,lubuskie,nowosolski,"Nowa Sól","Nowa Sól",Fredry,1,U2,67-100,"formularz, telefoniczny, e-mail"
11493,"Miejsce postojowe K6B/5GR",55000.00,,"2025-09-05 19:11:49",,,"Arkadia Park","indywidualna działalność gospodarcza",9251833765,080011636,"+48 532 11 00 44",sprzedaz@arkadiapark.pl,https://arkadiapark.pl/,lubuskie,nowosolski,"Nowa Sól","Nowa Sól",Fredry,1,U2,67-100,lubuskie,nowosolski,"Nowa Sól","Nowa Sól",Fredry,1,U2,67-100,"formularz, telefoniczny, e-mail"
11494,"Miejsce postojowe K6B/6GR",55000.00,,"2025-09-05 19:11:49",,,"Arkadia Park","indywidualna działalność gospodarcza",9251833765,080011636,"+48 532 11 00 44",sprzedaz@arkadiapark.pl,https://arkadiapark.pl/,lubuskie,nowosolski,"Nowa Sól","Nowa Sól",Fredry,1,U2,67-100,lubuskie,nowosolski,"Nowa Sól","Nowa Sól",Fredry,1,U2,67-100,"formularz, telefoniczny, e-mail"
11495,"Miejsce postojowe K6B/9GR",55000.00,,"2025-09-05 19:11:49",,,"Arkadia Park","indywidualna działalność gospodarcza",9251833765,080011636,"+48 532 11 00 44",sprzedaz@arkadiapark.pl,https://arkadiapark.pl/,lubuskie,nowosolski,"Nowa Sól","Nowa Sól",Fredry,1,U2,67-100,lubuskie,nowosolski,"Nowa Sól","Nowa Sól",Fredry,1,U2,67-100,"formularz, telefoniczny, e-mail"
11496,"Miejsce postojowe 76G",80000.00,,"2025-09-05 19:11:47",,,"Arkadia Park","indywidualna działalność gospodarcza",9251833765,080011636,"+48 532 11 00 44",sprzedaz@arkadiapark.pl,https://arkadiapark.pl/,lubuskie,nowosolski,"Nowa Sól","Nowa Sól",Fredry,1,U2,67-100,lubuskie,nowosolski,"Nowa Sól","Nowa Sól",Fredry,1,U2,67-100,"formularz, telefoniczny, e-mail"
11497,"Miejsce postojowe 77G",80000.00,,"2025-09-05 19:11:47",,,"Arkadia Park","indywidualna działalność gospodarcza",9251833765,080011636,"+48 532 11 00 44",sprzedaz@arkadiapark.pl,https://arkadiapark.pl/,lubuskie,nowosolski,"Nowa Sól","Nowa Sól",Fredry,1,U2,67-100,lubuskie,nowosolski,"Nowa Sól","Nowa Sól",Fredry,1,U2,67-100,"formularz, telefoniczny, e-mail"
11498,"Miejsce postojowe 95G",80000.00,,"2025-09-05 19:11:47",,,"Arkadia Park","indywidualna działalność gospodarcza",9251833765,080011636,"+48 532 11 00 44",sprzedaz@arkadiapark.pl,https://arkadiapark.pl/,lubuskie,nowosolski,"Nowa Sól","Nowa Sól",Fredry,1,U2,67-100,lubuskie,nowosolski,"Nowa Sól","Nowa Sól",Fredry,1,U2,67-100,"formularz, telefoniczny, e-mail"
11499,"Miejsce postojowe 103G",80000.00,,"2025-09-05 19:11:47",,,"Arkadia Park","indywidualna działalność gospodarcza",9251833765,080011636,"+48 532 11 00 44",sprzedaz@arkadiapark.pl,https://arkadiapark.pl/,lubuskie,nowosolski,"Nowa Sól","Nowa Sól",Fredry,1,U2,67-100,lubuskie,nowosolski,"Nowa Sól","Nowa Sól",Fredry,1,U2,67-100,"formularz, telefoniczny, e-mail"
11500,"Miejsce postojowe 106G",80000.00,,"2025-09-05 19:11:47",,,"Arkadia Park","indywidualna działalność gospodarcza",9251833765,080011636,"+48 532 11 00 44",sprzedaz@arkadiapark.pl,https://arkadiapark.pl/,lubuskie,nowosolski,"Nowa Sól","Nowa Sól",Fredry,1,U2,67-100,lubuskie,nowosolski,"Nowa Sól","Nowa Sól",Fredry,1,U2,67-100,"formularz, telefoniczny, e-mail"
11501,"Miejsce postojowe 119G",80000.00,,"2025-09-05 19:11:47",,,"Arkadia Park","indywidualna działalność gospodarcza",9251833765,080011636,"+48 532 11 00 44",sprzedaz@arkadiapark.pl,https://arkadiapark.pl/,lubuskie,nowosolski,"Nowa Sól","Nowa Sól",Fredry,1,U2,67-100,lubuskie,nowosolski,"Nowa Sól","Nowa Sól",Fredry,1,U2,67-100,"formularz, telefoniczny, e-mail"
11502,"Miejsce postojowe 120G",80000.00,,"2025-09-05 19:11:47",,,"Arkadia Park","indywidualna działalność gospodarcza",9251833765,080011636,"+48 532 11 00 44",sprzedaz@arkadiapark.pl,https://arkadiapark.pl/,lubuskie,nowosolski,"Nowa Sól","Nowa Sól",Fredry,1,U2,67-100,lubuskie,nowosolski,"Nowa Sól","Nowa Sól",Fredry,1,U2,67-100,"formularz, telefoniczny, e-mail"
11503,"Miejsce postojowe 121G",80000.00,,"2025-09-05 19:11:47",,,"Arkadia Park","indywidualna działalność gospodarcza",9251833765,080011636,"+48 532 11 00 44",sprzedaz@arkadiapark.pl,https://arkadiapark.pl/,lubuskie,nowosolski,"Nowa Sól","Nowa Sól",Fredry,1,U2,67-100,lubuskie,nowosolski,"Nowa Sól","Nowa Sól",Fredry,1,U2,67-100,"formularz, telefoniczny, e-mail"
11504,"Miejsce postojowe 122G",80000.00,,"2025-09-05 19:11:49",,,"Arkadia Park","indywidualna działalność gospodarcza",9251833765,080011636,"+48 532 11 00 44",sprzedaz@arkadiapark.pl,https://arkadiapark.pl/,lubuskie,nowosolski,"Nowa Sól","Nowa Sól",Fredry,1,U2,67-100,lubuskie,nowosolski,"Nowa Sól","Nowa Sól",Fredry,1,U2,67-100,"formularz, telefoniczny, e-mail"
11505,"Miejsce postojowe 129G",80000.00,,"2025-09-05 19:11:49",,,"Arkadia Park","indywidualna działalność gospodarcza",9251833765,080011636,"+48 532 11 00 44",sprzedaz@arkadiapark.pl,https://arkadiapark.pl/,lubuskie,nowosolski,"Nowa Sól","Nowa Sól",Fredry,1,U2,67-100,lubuskie,nowosolski,"Nowa Sól","Nowa Sól",Fredry,1,U2,67-100,"formularz, telefoniczny, e-mail"
11510,"Miejsce postojowe 78/79G",110000.00,,"2025-09-05 19:11:47",,,"Arkadia Park","indywidualna działalność gospodarcza",9251833765,080011636,"+48 532 11 00 44",sprzedaz@arkadiapark.pl,https://arkadiapark.pl/,lubuskie,nowosolski,"Nowa Sól","Nowa Sól",Fredry,1,U2,67-100,lubuskie,nowosolski,"Nowa Sól","Nowa Sól",Fredry,1,U2,67-100,"formularz, telefoniczny, e-mail"
11513,"Miejsce postojowe 84/85G",110000.00,,"2025-09-05 19:11:47",,,"Arkadia Park","indywidualna działalność gospodarcza",9251833765,080011636,"+48 532 11 00 44",sprzedaz@arkadiapark.pl,https://arkadiapark.pl/,lubuskie,nowosolski,"Nowa Sól","Nowa Sól",Fredry,1,U2,67-100,lubuskie,nowosolski,"Nowa Sól","Nowa Sól",Fredry,1,U2,67-100,"formularz, telefoniczny, e-mail"
11514,"Miejsce postojowe 86/87G",110000.00,,"2025-09-05 19:11:47",,,"Arkadia Park","indywidualna działalność gospodarcza",9251833765,080011636,"+48 532 11 00 44",sprzedaz@arkadiapark.pl,https://arkadiapark.pl/,lubuskie,nowosolski,"Nowa Sól","Nowa Sól",Fredry,1,U2,67-100,lubuskie,nowosolski,"Nowa Sól","Nowa Sól",Fredry,1,U2,67-100,"formularz, telefoniczny, e-mail"
11515,"Miejsce postojowe 111/112G",110000.00,,"2025-09-05 19:11:47",,,"Arkadia Park","indywidualna działalność gospodarcza",9251833765,080011636,"+48 532 11 00 44",sprzedaz@arkadiapark.pl,https://arkadiapark.pl/,lubuskie,nowosolski,"Nowa Sól","Nowa Sól",Fredry,1,U2,67-100,lubuskie,nowosolski,"Nowa Sól","Nowa Sól",Fredry,1,U2,67-100,"formularz, telefoniczny, e-mail"
11516,"Miejsce postojowe 113/114G",110000.00,,"2025-09-05 19:11:47",,,"Arkadia Park","indywidualna działalność gospodarcza",9251833765,080011636,"+48 532 11 00 44",sprzedaz@arkadiapark.pl,https://arkadiapark.pl/,lubuskie,nowosolski,"Nowa Sól","Nowa Sól",Fredry,1,U2,67-100,lubuskie,nowosolski,"Nowa Sól","Nowa Sól",Fredry,1,U2,67-100,"formularz, telefoniczny, e-mail"
11519,"Miejsce postojowe 2G",80000.00,,"2025-09-05 19:11:47",,,"Arkadia Park","indywidualna działalność gospodarcza",9251833765,080011636,"+48 532 11 00 44",sprzedaz@arkadiapark.pl,https://arkadiapark.pl/,lubuskie,nowosolski,"Nowa Sól","Nowa Sól",Fredry,1,U2,67-100,lubuskie,nowosolski,"Nowa Sól","Nowa Sól",Fredry,1,U2,67-100,"formularz, telefoniczny, e-mail"
11520,"Miejsce postojowe 17G",80000.00,,"2025-09-05 19:11:47",,,"Arkadia Park","indywidualna działalność gospodarcza",9251833765,080011636,"+48 532 11 00 44",sprzedaz@arkadiapark.pl,https://arkadiapark.pl/,lubuskie,nowosolski,"Nowa Sól","Nowa Sól",Fredry,1,U2,67-100,lubuskie,nowosolski,"Nowa Sól","Nowa Sól",Fredry,1,U2,67-100,"formularz, telefoniczny, e-mail"
11521,"Miejsce postojowe 18G",80000.00,,"2025-09-05 19:11:47",,,"Arkadia Park","indywidualna działalność gospodarcza",9251833765,080011636,"+48 532 11 00 44",sprzedaz@arkadiapark.pl,https://arkadiapark.pl/,lubuskie,nowosolski,"Nowa Sól","Nowa Sól",Fredry,1,U2,67-100,lubuskie,nowosolski,"Nowa Sól","Nowa Sól",Fredry,1,U2,67-100,"formularz, telefoniczny, e-mail"
11522,"Miejsce postojowe 19G",80000.00,,"2025-09-05 19:11:47",,,"Arkadia Park","indywidualna działalność gospodarcza",9251833765,080011636,"+48 532 11 00 44",sprzedaz@arkadiapark.pl,https://arkadiapark.pl/,lubuskie,nowosolski,"Nowa Sól","Nowa Sól",Fredry,1,U2,67-100,lubuskie,nowosolski,"Nowa Sól","Nowa Sól",Fredry,1,U2,67-100,"formularz, telefoniczny, e-mail"
11523,"Miejsce postojowe 32G",80000.00,,"2025-09-05 19:11:47",,,"Arkadia Park","indywidualna działalność gospodarcza",9251833765,080011636,"+48 532 11 00 44",sprzedaz@arkadiapark.pl,https://arkadiapark.pl/,lubuskie,nowosolski,"Nowa Sól","Nowa Sól",Fredry,1,U2,67-100,lubuskie,nowosolski,"Nowa Sól","Nowa Sól",Fredry,1,U2,67-100,"formularz, telefoniczny, e-mail"
11524,"Miejsce postojowe 37G",80000.00,,"2025-09-05 19:11:47",,,"Arkadia Park","indywidualna działalność gospodarcza",9251833765,080011636,"+48 532 11 00 44",sprzedaz@arkadiapark.pl,https://arkadiapark.pl/,lubuskie,nowosolski,"Nowa Sól","Nowa Sól",Fredry,1,U2,67-100,lubuskie,nowosolski,"Nowa Sól","Nowa Sól",Fredry,1,U2,67-100,"formularz, telefoniczny, e-mail"
11525,"Miejsce postojowe 13/14G",110000.00,,"2025-09-05 19:11:47",,,"Arkadia Park","indywidualna działalność gospodarcza",9251833765,080011636,"+48 532 11 00 44",sprzedaz@arkadiapark.pl,https://arkadiapark.pl/,lubuskie,nowosolski,"Nowa Sól","Nowa Sól",Fredry,1,U2,67-100,lubuskie,nowosolski,"Nowa Sól","Nowa Sól",Fredry,1,U2,67-100,"formularz, telefoniczny, e-mail"
11526,"Miejsce postojowe 48/49G",110000.00,,"2025-09-05 19:11:47",,,"Arkadia Park","indywidualna działalność gospodarcza",9251833765,080011636,"+48 532 11 00 44",sprzedaz@arkadiapark.pl,https://arkadiapark.pl/,lubuskie,nowosolski,"Nowa Sól","Nowa Sól",Fredry,1,U2,67-100,lubuskie,nowosolski,"Nowa Sól","Nowa Sól",Fredry,1,U2,67-100,"formularz, telefoniczny, e-mail"
11527,"Miejsce postojowe 52/53G",110000.00,,"2025-09-05 19:11:47",,,"Arkadia Park","indywidualna działalność gospodarcza",9251833765,080011636,"+48 532 11 00 44",sprzedaz@arkadiapark.pl,https://arkadiapark.pl/,lubuskie,nowosolski,"Nowa Sól","Nowa Sól",Fredry,1,U2,67-100,lubuskie,nowosolski,"Nowa Sól","Nowa Sól",Fredry,1,U2,67-100,"formularz, telefoniczny, e-mail"
11528,"Miejsce postojowe 54/55G",110000.00,,"2025-09-05 19:11:47",,,"Arkadia Park","indywidualna działalność gospodarcza",9251833765,080011636,"+48 532 11 00 44",sprzedaz@arkadiapark.pl,https://arkadiapark.pl/,lubuskie,nowosolski,"Nowa Sól","Nowa Sól",Fredry,1,U2,67-100,lubuskie,nowosolski,"Nowa Sól","Nowa Sól",Fredry,1,U2,67-100,"formularz, telefoniczny, e-mail"
11529,"Miejsce postojowe 56/57G",110000.00,,"2025-09-05 19:11:47",,,"Arkadia Park","indywidualna działalność gospodarcza",9251833765,080011636,"+48 532 11 00 44",sprzedaz@arkadiapark.pl,https://arkadiapark.pl/,lubuskie,nowosolski,"Nowa Sól","Nowa Sól",Fredry,1,U2,67-100,lubuskie,nowosolski,"Nowa Sól","Nowa Sól",Fredry,1,U2,67-100,"formularz, telefoniczny, e-mail"
11530,"Komórka lokatorska nr 2",7000.00,,"2025-09-05 19:11:47",,,"Arkadia Park","indywidualna działalność gospodarcza",9251833765,080011636,"+48 532 11 00 44",sprzedaz@arkadiapark.pl,https://arkadiapark.pl/,lubuskie,nowosolski,"Nowa Sól","Nowa Sól",Fredry,1,U2,67-100,lubuskie,nowosolski,"Nowa Sól","Nowa Sól",Fredry,1,U2,67-100,"formularz, telefoniczny, e-mail"
11531,"Komórka lokatorska nr 3",7000.00,,"2025-09-05 19:11:47",,,"Arkadia Park","indywidualna działalność gospodarcza",9251833765,080011636,"+48 532 11 00 44",sprzedaz@arkadiapark.pl,https://arkadiapark.pl/,lubuskie,nowosolski,"Nowa Sól","Nowa Sól",Fredry,1,U2,67-100,lubuskie,nowosolski,"Nowa Sól","Nowa Sól",Fredry,1,U2,67-100,"formularz, telefoniczny, e-mail"
11532,"Komórka lokatorska nr 4",7000.00,,"2025-09-05 19:11:47",,,"Arkadia Park","indywidualna działalność gospodarcza",9251833765,080011636,"+48 532 11 00 44",sprzedaz@arkadiapark.pl,https://arkadiapark.pl/,lubuskie,nowosolski,"Nowa Sól","Nowa Sól",Fredry,1,U2,67-100,lubuskie,nowosolski,"Nowa Sól","Nowa Sól",Fredry,1,U2,67-100,"formularz, telefoniczny, e-mail"
11533,"Komórka lokatorska nr 5",7000.00,,"2025-09-05 19:11:47",,,"Arkadia Park","indywidualna działalność gospodarcza",9251833765,080011636,"+48 532 11 00 44",sprzedaz@arkadiapark.pl,https://arkadiapark.pl/,lubuskie,nowosolski,"Nowa Sól","Nowa Sól",Fredry,1,U2,67-100,lubuskie,nowosolski,"Nowa Sól","Nowa Sól",Fredry,1,U2,67-100,"formularz, telefoniczny, e-mail"
11534,"Komórka lokatorska nr 6",7000.00,,"2025-09-05 19:11:47",,,"Arkadia Park","indywidualna działalność gospodarcza",9251833765,080011636,"+48 532 11 00 44",sprzedaz@arkadiapark.pl,https://arkadiapark.pl/,lubuskie,nowosolski,"Nowa Sól","Nowa Sól",Fredry,1,U2,67-100,lubuskie,nowosolski,"Nowa Sól","Nowa Sól",Fredry,1,U2,67-100,"formularz, telefoniczny, e-mail"
11535,"Komórka lokatorska nr 7",7000.00,,"2025-09-05 19:11:47",,,"Arkadia Park","indywidualna działalność gospodarcza",9251833765,080011636,"+48 532 11 00 44",sprzedaz@arkadiapark.pl,https://arkadiapark.pl/,lubuskie,nowosolski,"Nowa Sól","Nowa Sól",Fredry,1,U2,67-100,lubuskie,nowosolski,"Nowa Sól","Nowa Sól",Fredry,1,U2,67-100,"formularz, telefoniczny, e-mail"
11536,"Komórka lokatorska nr 8",7000.00,,"2025-09-05 19:11:47",,,"Arkadia Park","indywidualna działalność gospodarcza",9251833765,080011636,"+48 532 11 00 44",sprzedaz@arkadiapark.pl,https://arkadiapark.pl/,lubuskie,nowosolski,"Nowa Sól","Nowa Sól",Fredry,1,U2,67-100,lubuskie,nowosolski,"Nowa Sól","Nowa Sól",Fredry,1,U2,67-100,"formularz, telefoniczny, e-mail"
11537,"Komórka lokatorska nr 9",7000.00,,"2025-09-05 19:11:47",,,"Arkadia Park","indywidualna działalność gospodarcza",9251833765,080011636,"+48 532 11 00 44",sprzedaz@arkadiapark.pl,https://arkadiapark.pl/,lubuskie,nowosolski,"Nowa Sól","Nowa Sól",Fredry,1,U2,67-100,lubuskie,nowosolski,"Nowa Sól","Nowa Sól",Fredry,1,U2,67-100,"formularz, telefoniczny, e-mail"
11538,"Komórka lokatorska nr 11",7000.00,,"2025-09-05 19:11:47",,,"Arkadia Park","indywidualna działalność gospodarcza",9251833765,080011636,"+48 532 11 00 44",sprzedaz@arkadiapark.pl,https://arkadiapark.pl/,lubuskie,nowosolski,"Nowa Sól","Nowa Sól",Fredry,1,U2,67-100,lubuskie,nowosolski,"Nowa Sól","Nowa Sól",Fredry,1,U2,67-100,"formularz, telefoniczny, e-mail"
11539,"Komórka lokatorska nr 16",7000.00,,"2025-09-05 19:11:47",,,"Arkadia Park","indywidualna działalność gospodarcza",9251833765,080011636,"+48 532 11 00 44",sprzedaz@arkadiapark.pl,https://arkadiapark.pl/,lubuskie,nowosolski,"Nowa Sól","Nowa Sól",Fredry,1,U2,67-100,lubuskie,nowosolski,"Nowa Sól","Nowa Sól",Fredry,1,U2,67-100,"formularz, telefoniczny, e-mail"
11540,"Komórka lokatorska nr 17",7000.00,,"2025-09-05 19:11:47",,,"Arkadia Park","indywidualna działalność gospodarcza",9251833765,080011636,"+48 532 11 00 44",sprzedaz@arkadiapark.pl,https://arkadiapark.pl/,lubuskie,nowosolski,"Nowa Sól","Nowa Sól",Fredry,1,U2,67-100,lubuskie,nowosolski,"Nowa Sól","Nowa Sól",Fredry,1,U2,67-100,"formularz, telefoniczny, e-mail"
11541,"Komórka lokatorska nr 18",7000.00,,"2025-09-05 19:11:47",,,"Arkadia Park","indywidualna działalność gospodarcza",9251833765,080011636,"+48 532 11 00 44",sprzedaz@arkadiapark.pl,https://arkadiapark.pl/,lubuskie,nowosolski,"Nowa Sól","Nowa Sól",Fredry,1,U2,67-100,lubuskie,nowosolski,"Nowa Sól","Nowa Sól",Fredry,1,U2,67-100,"formularz, telefoniczny, e-mail"
11542,"Komórka lokatorska nr 6",12000.00,,"2025-09-05 19:11:47",,,"Arkadia Park","indywidualna działalność gospodarcza",9251833765,080011636,"+48 532 11 00 44",sprzedaz@arkadiapark.pl,https://arkadiapark.pl/,lubuskie,nowosolski,"Nowa Sól","Nowa Sól",Fredry,1,U2,67-100,lubuskie,nowosolski,"Nowa Sól","Nowa Sól",Fredry,1,U2,67-100,"formularz, telefoniczny, e-mail"
11543,"Komórka lokatorska nr 7",12000.00,,"2025-09-05 19:11:46",,,"Arkadia Park","indywidualna działalność gospodarcza",9251833765,080011636,"+48 532 11 00 44",sprzedaz@arkadiapark.pl,https://arkadiapark.pl/,lubuskie,nowosolski,"Nowa Sól","Nowa Sól",Fredry,1,U2,67-100,lubuskie,nowosolski,"Nowa Sól","Nowa Sól",Fredry,1,U2,67-100,"formularz, telefoniczny, e-mail"
11544,"Komórka lokatorska nr 9",12000.00,,"2025-09-05 19:11:46",,,"Arkadia Park","indywidualna działalność gospodarcza",9251833765,080011636,"+48 532 11 00 44",sprzedaz@arkadiapark.pl,https://arkadiapark.pl/,lubuskie,nowosolski,"Nowa Sól","Nowa Sól",Fredry,1,U2,67-100,lubuskie,nowosolski,"Nowa Sól","Nowa Sól",Fredry,1,U2,67-100,"formularz, telefoniczny, e-mail"
11551,"Komórka lokatorska nr 21",12000.00,,"2025-09-05 19:11:47",,,"Arkadia Park","indywidualna działalność gospodarcza",9251833765,080011636,"+48 532 11 00 44",sprzedaz@arkadiapark.pl,https://arkadiapark.pl/,lubuskie,nowosolski,"Nowa Sól","Nowa Sól",Fredry,1,U2,67-100,lubuskie,nowosolski,"Nowa Sól","Nowa Sól",Fredry,1,U2,67-100,"formularz, telefoniczny, e-mail"
11552,"Komórka lokatorska nr 22",12000.00,,"2025-09-05 19:11:47",,,"Arkadia Park","indywidualna działalność gospodarcza",9251833765,080011636,"+48 532 11 00 44",sprzedaz@arkadiapark.pl,https://arkadiapark.pl/,lubuskie,nowosolski,"Nowa Sól","Nowa Sól",Fredry,1,U2,67-100,lubuskie,nowosolski,"Nowa Sól","Nowa Sól",Fredry,1,U2,67-100,"formularz, telefoniczny, e-mail"
11553,"Komórka lokatorska nr 23",12000.00,,"2025-09-05 19:11:47",,,"Arkadia Park","indywidualna działalność gospodarcza",9251833765,080011636,"+48 532 11 00 44",sprzedaz@arkadiapark.pl,https://arkadiapark.pl/,lubuskie,nowosolski,"Nowa Sól","Nowa Sól",Fredry,1,U2,67-100,lubuskie,nowosolski,"Nowa Sól","Nowa Sól",Fredry,1,U2,67-100,"formularz, telefoniczny, e-mail"
11554,"Komórka lokatorska nr 24",12000.00,,"2025-09-05 19:11:47",,,"Arkadia Park","indywidualna działalność gospodarcza",9251833765,080011636,"+48 532 11 00 44",sprzedaz@arkadiapark.pl,https://arkadiapark.pl/,lubuskie,nowosolski,"Nowa Sól","Nowa Sól",Fredry,1,U2,67-100,lubuskie,nowosolski,"Nowa Sól","Nowa Sól",Fredry,1,U2,67-100,"formularz, telefoniczny, e-mail"
11555,"Komórka lokatorska nr 25",12000.00,,"2025-09-05 19:11:47",,,"Arkadia Park","indywidualna działalność gospodarcza",9251833765,080011636,"+48 532 11 00 44",sprzedaz@arkadiapark.pl,https://arkadiapark.pl/,lubuskie,nowosolski,"Nowa Sól","Nowa Sól",Fredry,1,U2,67-100,lubuskie,nowosolski,"Nowa Sól","Nowa Sól",Fredry,1,U2,67-100,"formularz, telefoniczny, e-mail"
11556,"Komórka lokatorska nr 26",12000.00,,"2025-09-05 19:11:47",,,"Arkadia Park","indywidualna działalność gospodarcza",9251833765,080011636,"+48 532 11 00 44",sprzedaz@arkadiapark.pl,https://arkadiapark.pl/,lubuskie,nowosolski,"Nowa Sól","Nowa Sól",Fredry,1,U2,67-100,lubuskie,nowosolski,"Nowa Sól","Nowa Sól",Fredry,1,U2,67-100,"formularz, telefoniczny, e-mail"
11557,"Komórka lokatorska nr 27",12000.00,,"2025-09-05 19:11:46",,,"Arkadia Park","indywidualna działalność gospodarcza",9251833765,080011636,"+48 532 11 00 44",sprzedaz@arkadiapark.pl,https://arkadiapark.pl/,lubuskie,nowosolski,"Nowa Sól","Nowa Sól",Fredry,1,U2,67-100,lubuskie,nowosolski,"Nowa Sól","Nowa Sól",Fredry,1,U2,67-100,"formularz, telefoniczny, e-mail"
11558,"Komórka lokatorska nr 30",12000.00,,"2025-09-05 19:11:46",,,"Arkadia Park","indywidualna działalność gospodarcza",9251833765,080011636,"+48 532 11 00 44",sprzedaz@arkadiapark.pl,https://arkadiapark.pl/,lubuskie,nowosolski,"Nowa Sól","Nowa Sól",Fredry,1,U2,67-100,lubuskie,nowosolski,"Nowa Sól","Nowa Sól",Fredry,1,U2,67-100,"formularz, telefoniczny, e-mail"
11559,"Komórka lokatorska nr 31",12000.00,,"2025-09-05 19:11:46",,,"Arkadia Park","indywidualna działalność gospodarcza",9251833765,080011636,"+48 532 11 00 44",sprzedaz@arkadiapark.pl,https://arkadiapark.pl/,lubuskie,nowosolski,"Nowa Sól","Nowa Sól",Fredry,1,U2,67-100,lubuskie,nowosolski,"Nowa Sól","Nowa Sól",Fredry,1,U2,67-100,"formularz, telefoniczny, e-mail"
11560,"Komórka lokatorska nr 33",12000.00,,"2025-09-05 19:11:46",,,"Arkadia Park","indywidualna działalność gospodarcza",9251833765,080011636,"+48 532 11 00 44",sprzedaz@arkadiapark.pl,https://arkadiapark.pl/,lubuskie,nowosolski,"Nowa Sól","Nowa Sól",Fredry,1,U2,67-100,lubuskie,nowosolski,"Nowa Sól","Nowa Sól",Fredry,1,U2,67-100,"formularz, telefoniczny, e-mail"
11561,"Komórka lokatorska nr 35",12000.00,,"2025-09-05 19:11:47",,,"Arkadia Park","indywidualna działalność gospodarcza",9251833765,080011636,"+48 532 11 00 44",sprzedaz@arkadiapark.pl,https://arkadiapark.pl/,lubuskie,nowosolski,"Nowa Sól","Nowa Sól",Fredry,1,U2,67-100,lubuskie,nowosolski,"Nowa Sól","Nowa Sól",Fredry,1,U2,67-100,"formularz, telefoniczny, e-mail"
11562,"Komórka lokatorska nr 36",12000.00,,"2025-09-05 19:11:46",,,"Arkadia Park","indywidualna działalność gospodarcza",9251833765,080011636,"+48 532 11 00 44",sprzedaz@arkadiapark.pl,https://arkadiapark.pl/,lubuskie,nowosolski,"Nowa Sól","Nowa Sól",Fredry,1,U2,67-100,lubuskie,nowosolski,"Nowa Sól","Nowa Sól",Fredry,1,U2,67-100,"formularz, telefoniczny, e-mail"
11563,"Komórka lokatorska nr 38",12000.00,,"2025-09-05 19:11:46",,,"Arkadia Park","indywidualna działalność gospodarcza",9251833765,080011636,"+48 532 11 00 44",sprzedaz@arkadiapark.pl,https://arkadiapark.pl/,lubuskie,nowosolski,"Nowa Sól","Nowa Sól",Fredry,1,U2,67-100,lubuskie,nowosolski,"Nowa Sól","Nowa Sól",Fredry,1,U2,67-100,"formularz, telefoniczny, e-mail"
11564,"Komórka lokatorska nr 39",12000.00,,"2025-09-05 19:11:46",,,"Arkadia Park","indywidualna działalność gospodarcza",9251833765,080011636,"+48 532 11 00 44",sprzedaz@arkadiapark.pl,https://arkadiapark.pl/,lubuskie,nowosolski,"Nowa Sól","Nowa Sól",Fredry,1,U2,67-100,lubuskie,nowosolski,"Nowa Sól","Nowa Sól",Fredry,1,U2,67-100,"formularz, telefoniczny, e-mail"
11565,"Komórka lokatorska nr 40",12000.00,,"2025-09-05 19:11:46",,,"Arkadia Park","indywidualna działalność gospodarcza",9251833765,080011636,"+48 532 11 00 44",sprzedaz@arkadiapark.pl,https://arkadiapark.pl/,lubuskie,nowosolski,"Nowa Sól","Nowa Sól",Fredry,1,U2,67-100,lubuskie,nowosolski,"Nowa Sól","Nowa Sól",Fredry,1,U2,67-100,"formularz, telefoniczny, e-mail"
11566,"Komórka lokatorska nr 41",12000.00,,"2025-09-05 19:11:46",,,"Arkadia Park","indywidualna działalność gospodarcza",9251833765,080011636,"+48 532 11 00 44",sprzedaz@arkadiapark.pl,https://arkadiapark.pl/,lubuskie,nowosolski,"Nowa Sól","Nowa Sól",Fredry,1,U2,67-100,lubuskie,nowosolski,"Nowa Sól","Nowa Sól",Fredry,1,U2,67-100,"formularz, telefoniczny, e-mail"
11567,"Komórka lokatorska nr 42",12000.00,,"2025-09-05 19:11:46",,,"Arkadia Park","indywidualna działalność gospodarcza",9251833765,080011636,"+48 532 11 00 44",sprzedaz@arkadiapark.pl,https://arkadiapark.pl/,lubuskie,nowosolski,"Nowa Sól","Nowa Sól",Fredry,1,U2,67-100,lubuskie,nowosolski,"Nowa Sól","Nowa Sól",Fredry,1,U2,67-100,"formularz, telefoniczny, e-mail"
11568,"Komórka lokatorska nr 45",12000.00,,"2025-09-05 19:11:46",,,"Arkadia Park","indywidualna działalność gospodarcza",9251833765,080011636,"+48 532 11 00 44",sprzedaz@arkadiapark.pl,https://arkadiapark.pl/,lubuskie,nowosolski,"Nowa Sól","Nowa Sól",Fredry,1,U2,67-100,lubuskie,nowosolski,"Nowa Sól","Nowa Sól",Fredry,1,U2,67-100,"formularz, telefoniczny, e-mail"
11569,"Komórka lokatorska nr 46",12000.00,,"2025-09-05 19:11:46",,,"Arkadia Park","indywidualna działalność gospodarcza",9251833765,080011636,"+48 532 11 00 44",sprzedaz@arkadiapark.pl,https://arkadiapark.pl/,lubuskie,nowosolski,"Nowa Sól","Nowa Sól",Fredry,1,U2,67-100,lubuskie,nowosolski,"Nowa Sól","Nowa Sól",Fredry,1,U2,67-100,"formularz, telefoniczny, e-mail"
11570,"Komórka lokatorska nr 47",12000.00,,"2025-09-05 19:11:46",,,"Arkadia Park","indywidualna działalność gospodarcza",9251833765,080011636,"+48 532 11 00 44",sprzedaz@arkadiapark.pl,https://arkadiapark.pl/,lubuskie,nowosolski,"Nowa Sól","Nowa Sól",Fredry,1,U2,67-100,lubuskie,nowosolski,"Nowa Sól","Nowa Sól",Fredry,1,U2,67-100,"formularz, telefoniczny, e-mail"
11571,"Komórka lokatorska nr 48",12000.00,,"2025-09-05 19:11:46",,,"Arkadia Park","indywidualna działalność gospodarcza",9251833765,080011636,"+48 532 11 00 44",sprzedaz@arkadiapark.pl,https://arkadiapark.pl/,lubuskie,nowosolski,"Nowa Sól","Nowa Sól",Fredry,1,U2,67-100,lubuskie,nowosolski,"Nowa Sól","Nowa Sól",Fredry,1,U2,67-100,"formularz, telefoniczny, e-mail"
11572,"Komórka lokatorska nr 49",12000.00,,"2025-09-05 19:11:46",,,"Arkadia Park","indywidualna działalność gospodarcza",9251833765,080011636,"+48 532 11 00 44",sprzedaz@arkadiapark.pl,https://arkadiapark.pl/,lubuskie,nowosolski,"Nowa Sól","Nowa Sól",Fredry,1,U2,67-100,lubuskie,nowosolski,"Nowa Sól","Nowa Sól",Fredry,1,U2,67-100,"formularz, telefoniczny, e-mail"
11573,"Komórka lokatorska nr 50",12000.00,,"2025-09-05 19:11:46",,,"Arkadia Park","indywidualna działalność gospodarcza",9251833765,080011636,"+48 532 11 00 44",sprzedaz@arkadiapark.pl,https://arkadiapark.pl/,lubuskie,nowosolski,"Nowa Sól","Nowa Sól",Fredry,1,U2,67-100,lubuskie,nowosolski,"Nowa Sól","Nowa Sól",Fredry,1,U2,67-100,"formularz, telefoniczny, e-mail"
11574,"Komórka lokatorska nr 52",12000.00,,"2025-09-05 19:11:46",,,"Arkadia Park","indywidualna działalność gospodarcza",9251833765,080011636,"+48 532 11 00 44",sprzedaz@arkadiapark.pl,https://arkadiapark.pl/,lubuskie,nowosolski,"Nowa Sól","Nowa Sól",Fredry,1,U2,67-100,lubuskie,nowosolski,"Nowa Sól","Nowa Sól",Fredry,1,U2,67-100,"formularz, telefoniczny, e-mail"
11575,"Komórka lokatorska nr 55",12000.00,,"2025-09-05 19:11:46",,,"Arkadia Park","indywidualna działalność gospodarcza",9251833765,080011636,"+48 532 11 00 44",sprzedaz@arkadiapark.pl,https://arkadiapark.pl/,lubuskie,nowosolski,"Nowa Sól","Nowa Sól",Fredry,1,U2,67-100,lubuskie,nowosolski,"Nowa Sól","Nowa Sól",Fredry,1,U2,67-100,"formularz, telefoniczny, e-mail"
11576,"Komórka lokatorska nr 57",12000.00,,"2025-09-05 19:11:46",,,"Arkadia Park","indywidualna działalność gospodarcza",9251833765,080011636,"+48 532 11 00 44",sprzedaz@arkadiapark.pl,https://arkadiapark.pl/,lubuskie,nowosolski,"Nowa Sól","Nowa Sól",Fredry,1,U2,67-100,lubuskie,nowosolski,"Nowa Sól","Nowa Sól",Fredry,1,U2,67-100,"formularz, telefoniczny, e-mail"
11577,"Komórka lokatorska nr 58",12000.00,,"2025-09-05 19:11:46",,,"Arkadia Park","indywidualna działalność gospodarcza",9251833765,080011636,"+48 532 11 00 44",sprzedaz@arkadiapark.pl,https://arkadiapark.pl/,lubuskie,nowosolski,"Nowa Sól","Nowa Sól",Fredry,1,U2,67-100,lubuskie,nowosolski,"Nowa Sól","Nowa Sól",Fredry,1,U2,67-100,"formularz, telefoniczny, e-mail"
11578,"Komórka lokatorska nr 59",12000.00,,"2025-09-05 19:11:46",,,"Arkadia Park","indywidualna działalność gospodarcza",9251833765,080011636,"+48 532 11 00 44",sprzedaz@arkadiapark.pl,https://arkadiapark.pl/,lubuskie,nowosolski,"Nowa Sól","Nowa Sól",Fredry,1,U2,67-100,lubuskie,nowosolski,"Nowa Sól","Nowa Sól",Fredry,1,U2,67-100,"formularz, telefoniczny, e-mail"
11579,"Komórka lokatorska nr 60",12000.00,,"2025-09-05 19:11:46",,,"Arkadia Park","indywidualna działalność gospodarcza",9251833765,080011636,"+48 532 11 00 44",sprzedaz@arkadiapark.pl,https://arkadiapark.pl/,lubuskie,nowosolski,"Nowa Sól","Nowa Sól",Fredry,1,U2,67-100,lubuskie,nowosolski,"Nowa Sól","Nowa Sól",Fredry,1,U2,67-100,"formularz, telefoniczny, e-mail"
11580,"Komórka lokatorska nr 61",12000.00,,"2025-09-05 19:11:46",,,"Arkadia Park","indywidualna działalność gospodarcza",9251833765,080011636,"+48 532 11 00 44",sprzedaz@arkadiapark.pl,https://arkadiapark.pl/,lubuskie,nowosolski,"Nowa Sól","Nowa Sól",Fredry,1,U2,67-100,lubuskie,nowosolski,"Nowa Sól","Nowa Sól",Fredry,1,U2,67-100,"formularz, telefoniczny, e-mail"
11581,"Komórka lokatorska nr 62",12000.00,,"2025-09-05 19:11:46",,,"Arkadia Park","indywidualna działalność gospodarcza",9251833765,080011636,"+48 532 11 00 44",sprzedaz@arkadiapark.pl,https://arkadiapark.pl/,lubuskie,nowosolski,"Nowa Sól","Nowa Sól",Fredry,1,U2,67-100,lubuskie,nowosolski,"Nowa Sól","Nowa Sól",Fredry,1,U2,67-100,"formularz, telefoniczny, e-mail"
11582,"Komórka lokatorska nr 69",12000.00,,"2025-09-05 19:11:46",,,"Arkadia Park","indywidualna działalność gospodarcza",9251833765,080011636,"+48 532 11 00 44",sprzedaz@arkadiapark.pl,https://arkadiapark.pl/,lubuskie,nowosolski,"Nowa Sól","Nowa Sól",Fredry,1,U2,67-100,lubuskie,nowosolski,"Nowa Sól","Nowa Sól",Fredry,1,U2,67-100,"formularz, telefoniczny, e-mail"
11583,"Komórka lokatorska nr 70",12000.00,,"2025-09-05 19:11:46",,,"Arkadia Park","indywidualna działalność gospodarcza",9251833765,080011636,"+48 532 11 00 44",sprzedaz@arkadiapark.pl,https://arkadiapark.pl/,lubuskie,nowosolski,"Nowa Sól","Nowa Sól",Fredry,1,U2,67-100,lubuskie,nowosolski,"Nowa Sól","Nowa Sól",Fredry,1,U2,67-100,"formularz, telefoniczny, e-mail"
11584,"Komórka lokatorska nr 76",12000.00,,"2025-09-05 19:11:46",,,"Arkadia Park","indywidualna działalność gospodarcza",9251833765,080011636,"+48 532 11 00 44",sprzedaz@arkadiapark.pl,https://arkadiapark.pl/,lubuskie,nowosolski,"Nowa Sól","Nowa Sól",Fredry,1,U2,67-100,lubuskie,nowosolski,"Nowa Sól","Nowa Sól",Fredry,1,U2,67-100,"formularz, telefoniczny, e-mail"
11585,"Komórka lokatorska nr 77",12000.00,,"2025-09-05 19:11:46",,,"Arkadia Park","indywidualna działalność gospodarcza",9251833765,080011636,"+48 532 11 00 44",sprzedaz@arkadiapark.pl,https://arkadiapark.pl/,lubuskie,nowosolski,"Nowa Sól","Nowa Sól",Fredry,1,U2,67-100,lubuskie,nowosolski,"Nowa Sól","Nowa Sól",Fredry,1,U2,67-100,"formularz, telefoniczny, e-mail"
11586,"Komórka lokatorska nr 78",12000.00,,"2025-09-05 19:11:46",,,"Arkadia Park","indywidualna działalność gospodarcza",9251833765,080011636,"+48 532 11 00 44",sprzedaz@arkadiapark.pl,https://arkadiapark.pl/,lubuskie,nowosolski,"Nowa Sól","Nowa Sól",Fredry,1,U2,67-100,lubuskie,nowosolski,"Nowa Sól","Nowa Sól",Fredry,1,U2,67-100,"formularz, telefoniczny, e-mail"
11587,"Komórka lokatorska nr 79",12000.00,,"2025-09-05 19:11:46",,,"Arkadia Park","indywidualna działalność gospodarcza",9251833765,080011636,"+48 532 11 00 44",sprzedaz@arkadiapark.pl,https://arkadiapark.pl/,lubuskie,nowosolski,"Nowa Sól","Nowa Sól",Fredry,1,U2,67-100,lubuskie,nowosolski,"Nowa Sól","Nowa Sól",Fredry,1,U2,67-100,"formularz, telefoniczny, e-mail"
11588,"Komórka lokatorska nr 80",12000.00,,"2025-09-05 19:11:46",,,"Arkadia Park","indywidualna działalność gospodarcza",9251833765,080011636,"+48 532 11 00 44",sprzedaz@arkadiapark.pl,https://arkadiapark.pl/,lubuskie,nowosolski,"Nowa Sól","Nowa Sól",Fredry,1,U2,67-100,lubuskie,nowosolski,"Nowa Sól","Nowa Sól",Fredry,1,U2,67-100,"formularz, telefoniczny, e-mail"
11589,"Komórka lokatorska nr 88",12000.00,,"2025-09-05 19:11:46",,,"Arkadia Park","indywidualna działalność gospodarcza",9251833765,080011636,"+48 532 11 00 44",sprzedaz@arkadiapark.pl,https://arkadiapark.pl/,lubuskie,nowosolski,"Nowa Sól","Nowa Sól",Fredry,1,U2,67-100,lubuskie,nowosolski,"Nowa Sól","Nowa Sól",Fredry,1,U2,67-100,"formularz, telefoniczny, e-mail"
11626,"Miejsce postojowe 46/47G",110000.00,,"2025-09-05 19:11:46",,,"Arkadia Park","indywidualna działalność gospodarcza",9251833765,080011636,"+48 532 11 00 44",sprzedaz@arkadiapark.pl,https://arkadiapark.pl/,lubuskie,nowosolski,"Nowa Sól","Nowa Sól",Fredry,1,U2,67-100,lubuskie,nowosolski,"Nowa Sól","Nowa Sól",Fredry,1,U2,67-100,"formularz, telefoniczny, e-mail"
11627,"Miejsce postojowe 58G",80000.00,,"2025-09-05 19:11:46",,,"Arkadia Park","indywidualna działalność gospodarcza",9251833765,080011636,"+48 532 11 00 44",sprzedaz@arkadiapark.pl,https://arkadiapark.pl/,lubuskie,nowosolski,"Nowa Sól","Nowa Sól",Fredry,1,U2,67-100,lubuskie,nowosolski,"Nowa Sól","Nowa Sól",Fredry,1,U2,67-100,"formularz, telefoniczny, e-mail"
11628,"Miejsce postojowe 59G",80000.00,,"2025-09-05 19:11:46",,,"Arkadia Park","indywidualna działalność gospodarcza",9251833765,080011636,"+48 532 11 00 44",sprzedaz@arkadiapark.pl,https://arkadiapark.pl/,lubuskie,nowosolski,"Nowa Sól","Nowa Sól",Fredry,1,U2,67-100,lubuskie,nowosolski,"Nowa Sól","Nowa Sól",Fredry,1,U2,67-100,"formularz, telefoniczny, e-mail"
11629,"Miejsce postojowe 60/61G",110000.00,,"2025-09-05 19:11:46",,,"Arkadia Park","indywidualna działalność gospodarcza",9251833765,080011636,"+48 532 11 00 44",sprzedaz@arkadiapark.pl,https://arkadiapark.pl/,lubuskie,nowosolski,"Nowa Sól","Nowa Sól",Fredry,1,U2,67-100,lubuskie,nowosolski,"Nowa Sól","Nowa Sól",Fredry,1,U2,67-100,"formularz, telefoniczny, e-mail"
11630,"Miejsce postojowe 62/63G",110000.00,,"2025-09-05 19:11:46",,,"Arkadia Park","indywidualna działalność gospodarcza",9251833765,080011636,"+48 532 11 00 44",sprzedaz@arkadiapark.pl,https://arkadiapark.pl/,lubuskie,nowosolski,"Nowa Sól","Nowa Sól",Fredry,1,U2,67-100,lubuskie,nowosolski,"Nowa Sól","Nowa Sól",Fredry,1,U2,67-100,"formularz, telefoniczny, e-mail"
11631,"Miejsce postojowe 104G",80000.00,,"2025-09-05 19:11:46",,,"Arkadia Park","indywidualna działalność gospodarcza",9251833765,080011636,"+48 532 11 00 44",sprzedaz@arkadiapark.pl,https://arkadiapark.pl/,lubuskie,nowosolski,"Nowa Sól","Nowa Sól",Fredry,1,U2,67-100,lubuskie,nowosolski,"Nowa Sól","Nowa Sól",Fredry,1,U2,67-100,"formularz, telefoniczny, e-mail"
11632,"Miejsce postojowe 105G",80000.00,,"2025-09-05 19:11:46",,,"Arkadia Park","indywidualna działalność gospodarcza",9251833765,080011636,"+48 532 11 00 44",sprzedaz@arkadiapark.pl,https://arkadiapark.pl/,lubuskie,nowosolski,"Nowa Sól","Nowa Sól",Fredry,1,U2,67-100,lubuskie,nowosolski,"Nowa Sól","Nowa Sól",Fredry,1,U2,67-100,"formularz, telefoniczny, e-mail"
11633,"Komórka lokatorska nr 82",12000.00,,"2025-09-05 19:11:46",,,"Arkadia Park","indywidualna działalność gospodarcza",9251833765,080011636,"+48 532 11 00 44",sprzedaz@arkadiapark.pl,https://arkadiapark.pl/,lubuskie,nowosolski,"Nowa Sól","Nowa Sól",Fredry,1,U2,67-100,lubuskie,nowosolski,"Nowa Sól","Nowa Sól",Fredry,1,U2,67-100,"formularz, telefoniczny, e-mail"
11634,"Miejsce postojowe K6/11G",39000.00,,"2025-09-05 19:11:46",,,"Arkadia Park","indywidualna działalność gospodarcza",9251833765,080011636,"+48 532 11 00 44",sprzedaz@arkadiapark.pl,https://arkadiapark.pl/,lubuskie,nowosolski,"Nowa Sól","Nowa Sól",Fredry,1,U2,67-100,lubuskie,nowosolski,"Nowa Sól","Nowa Sól",Fredry,1,U2,67-100,"formularz, telefoniczny, e-mail"
11635,"Miejsce postojowe K6/12G",39000.00,,"2025-09-05 19:11:46",,,"Arkadia Park","indywidualna działalność gospodarcza",9251833765,080011636,"+48 532 11 00 44",sprzedaz@arkadiapark.pl,https://arkadiapark.pl/,lubuskie,nowosolski,"Nowa Sól","Nowa Sól",Fredry,1,U2,67-100,lubuskie,nowosolski,"Nowa Sól","Nowa Sól",Fredry,1,U2,67-100,"formularz, telefoniczny, e-mail"
11636,"Miejsce postojowe K6/13G",39000.00,,"2025-09-05 19:11:46",,,"Arkadia Park","indywidualna działalność gospodarcza",9251833765,080011636,"+48 532 11 00 44",sprzedaz@arkadiapark.pl,https://arkadiapark.pl/,lubuskie,nowosolski,"Nowa Sól","Nowa Sól",Fredry,1,U2,67-100,lubuskie,nowosolski,"Nowa Sól","Nowa Sól",Fredry,1,U2,67-100,"formularz, telefoniczny, e-mail"
11637,"Miejsce postojowe K6/14G",39000.00,,"2025-09-05 19:11:46",,,"Arkadia Park","indywidualna działalność gospodarcza",9251833765,080011636,"+48 532 11 00 44",sprzedaz@arkadiapark.pl,https://arkadiapark.pl/,lubuskie,nowosolski,"Nowa Sól","Nowa Sól",Fredry,1,U2,67-100,lubuskie,nowosolski,"Nowa Sól","Nowa Sól",Fredry,1,U2,67-100,"formularz, telefoniczny, e-mail"
11638,"Miejsce postojowe K6/18G",39000.00,,"2025-09-05 19:11:46",,,"Arkadia Park","indywidualna działalność gospodarcza",9251833765,080011636,"+48 532 11 00 44",sprzedaz@arkadiapark.pl,https://arkadiapark.pl/,lubuskie,nowosolski,"Nowa Sól","Nowa Sól",Fredry,1,U2,67-100,lubuskie,nowosolski,"Nowa Sól","Nowa Sól",Fredry,1,U2,67-100,"formularz, telefoniczny, e-mail"
11639,"Miejsce postojowe K6/19G",39000.00,,"2025-09-05 19:11:46",,,"Arkadia Park","indywidualna działalność gospodarcza",9251833765,080011636,"+48 532 11 00 44",sprzedaz@arkadiapark.pl,https://arkadiapark.pl/,lubuskie,nowosolski,"Nowa Sól","Nowa Sól",Fredry,1,U2,67-100,lubuskie,nowosolski,"Nowa Sól","Nowa Sól",Fredry,1,U2,67-100,"formularz, telefoniczny, e-mail"
11640,"Miejsce postojowe K6/22G",39000.00,,"2025-09-05 19:11:46",,,"Arkadia Park","indywidualna działalność gospodarcza",9251833765,080011636,"+48 532 11 00 44",sprzedaz@arkadiapark.pl,https://arkadiapark.pl/,lubuskie,nowosolski,"Nowa Sól","Nowa Sól",Fredry,1,U2,67-100,lubuskie,nowosolski,"Nowa Sól","Nowa Sól",Fredry,1,U2,67-100,"formularz, telefoniczny, e-mail"
11641,"Komórka lokatorska nr 15",7000.00,,"2025-09-05 19:11:46",,,"Arkadia Park","indywidualna działalność gospodarcza",9251833765,080011636,"+48 532 11 00 44",sprzedaz@arkadiapark.pl,https://arkadiapark.pl/,lubuskie,nowosolski,"Nowa Sól","Nowa Sól",Fredry,1,U2,67-100,lubuskie,nowosolski,"Nowa Sól","Nowa Sól",Fredry,1,U2,67-100,"formularz, telefoniczny, e-mail"
11809,"Miejsce postojowe K6C/10GR",55000.00,,"2025-11-18 14:20:11",,,"Arkadia Park","indywidualna działalność gospodarcza",9251833765,080011636,"+48 532 11 00 44",sprzedaz@arkadiapark.pl,https://arkadiapark.pl/,lubuskie,nowosolski,"Nowa Sól","Nowa Sól",Fredry,1,U2,67-100,lubuskie,nowosolski,"Nowa Sól","Nowa Sól",Fredry,1,U2,67-100,"formularz, telefoniczny, e-mail"
2331,"Apartament 2/M2",587050.00,19900.00,"2025-09-05 19:11:54",,,"Arkadia Park","indywidualna działalność gospodarcza",9251833765,080011636,"+48 532 11 00 44",sprzedaz@arkadiapark.pl,https://arkadiapark.pl/,lubuskie,nowosolski,"Nowa Sól","Nowa Sól",Fredry,1,U2,67-100,lubuskie,nowosolski,"Nowa Sól","Nowa Sól",Fredry,1,U2,67-100,"formularz, telefoniczny, e-mail"
2464,"Apartament 19/M2",855620.00,17900.00,"2025-09-05 19:11:54",,,"Arkadia Park","indywidualna działalność gospodarcza",9251833765,080011636,"+48 532 11 00 44",sprzedaz@arkadiapark.pl,https://arkadiapark.pl/,lubuskie,nowosolski,"Nowa Sól","Nowa Sól",Fredry,1,U2,67-100,lubuskie,nowosolski,"Nowa Sól","Nowa Sól",Fredry,1,U2,67-100,"formularz, telefoniczny, e-mail"
3167,"Apartament 40/M3",642545.00,12390.00,"2025-09-05 19:11:54",,,"Arkadia Park","indywidualna działalność gospodarcza",9251833765,080011636,"+48 532 11 00 44",sprzedaz@arkadiapark.pl,https://arkadiapark.pl/,lubuskie,nowosolski,"Nowa Sól","Nowa Sól",Fredry,1,U2,67-100,lubuskie,nowosolski,"Nowa Sól","Nowa Sól",Fredry,1,U2,67-100,"formularz, telefoniczny, e-mail"
4188,"Mieszkanie 8/M3d/6D",450790.00,7390.00,"2025-09-05 19:11:54",,,"Arkadia Park","indywidualna działalność gospodarcza",9251833765,080011636,"+48 532 11 00 44",sprzedaz@arkadiapark.pl,https://arkadiapark.pl/,lubuskie,nowosolski,"Nowa Sól","Nowa Sól",Fredry,1,U2,67-100,lubuskie,nowosolski,"Nowa Sól","Nowa Sól",Fredry,1,U2,67-100,"formularz, telefoniczny, e-mail"
4240,"Mieszkanie 16/M3c/6D",424925.00,7390.00,"2025-09-05 19:11:54",,,"Arkadia Park","indywidualna działalność gospodarcza",9251833765,080011636,"+48 532 11 00 44",sprzedaz@arkadiapark.pl,https://arkadiapark.pl/,lubuskie,nowosolski,"Nowa Sól","Nowa Sól",Fredry,1,U2,67-100,lubuskie,nowosolski,"Nowa Sól","Nowa Sól",Fredry,1,U2,67-100,"formularz, telefoniczny, e-mail"
4823,"Mieszkanie 1/M4/6C",554250.00,7390.00,"2025-09-05 19:11:54",,,"Arkadia Park","indywidualna działalność gospodarcza",9251833765,080011636,"+48 532 11 00 44",sprzedaz@arkadiapark.pl,https://arkadiapark.pl/,lubuskie,nowosolski,"Nowa Sól","Nowa Sól",Fredry,1,U2,67-100,lubuskie,nowosolski,"Nowa Sól","Nowa Sól",Fredry,1,U2,67-100,"formularz, telefoniczny, e-mail"
4829,"Mieszkanie 2/M3d/6C",450790.00,7390.00,"2025-09-05 19:11:54",,,"Arkadia Park","indywidualna działalność gospodarcza",9251833765,080011636,"+48 532 11 00 44",sprzedaz@arkadiapark.pl,https://arkadiapark.pl/,lubuskie,nowosolski,"Nowa Sól","Nowa Sól",Fredry,1,U2,67-100,lubuskie,nowosolski,"Nowa Sól","Nowa Sól",Fredry,1,U2,67-100,"formularz, telefoniczny, e-mail"
4835,"Mieszkanie 3/M3c/6C",424925.00,7390.00,"2025-09-05 19:11:54",,,"Arkadia Park","indywidualna działalność gospodarcza",9251833765,080011636,"+48 532 11 00 44",sprzedaz@arkadiapark.pl,https://arkadiapark.pl/,lubuskie,nowosolski,"Nowa Sól","Nowa Sól",Fredry,1,U2,67-100,lubuskie,nowosolski,"Nowa Sól","Nowa Sól",Fredry,1,U2,67-100,"formularz, telefoniczny, e-mail"
4843,"Mieszkanie 4/M2a/6C",351764.00,7390.00,"2025-09-05 19:11:54",,,"Arkadia Park","indywidualna działalność gospodarcza",9251833765,080011636,"+48 532 11 00 44",sprzedaz@arkadiapark.pl,https://arkadiapark.pl/,lubuskie,nowosolski,"Nowa Sól","Nowa Sól",Fredry,1,U2,67-100,lubuskie,nowosolski,"Nowa Sól","Nowa Sól",Fredry,1,U2,67-100,"formularz, telefoniczny, e-mail"
4849,"Mieszkanie 5/M2/6C",331072.00,7390.00,"2025-09-05 19:11:54",,,"Arkadia Park","indywidualna działalność gospodarcza",9251833765,080011636,"+48 532 11 00 44",sprzedaz@arkadiapark.pl,https://arkadiapark.pl/,lubuskie,nowosolski,"Nowa Sól","Nowa Sól",Fredry,1,U2,67-100,lubuskie,nowosolski,"Nowa Sól","Nowa Sól",Fredry,1,U2,67-100,"formularz, telefoniczny, e-mail"
4855,"Mieszkanie 6/M2/6C",331072.00,7390.00,"2025-09-05 19:11:54",,,"Arkadia Park","indywidualna działalność gospodarcza",9251833765,080011636,"+48 532 11 00 44",sprzedaz@arkadiapark.pl,https://arkadiapark.pl/,lubuskie,nowosolski,"Nowa Sól","Nowa Sól",Fredry,1,U2,67-100,lubuskie,nowosolski,"Nowa Sól","Nowa Sól",Fredry,1,U2,67-100,"formularz, telefoniczny, e-mail"
4861,"Mieszkanie 1/M3/6B",378741.00,7590.00,"2025-09-05 19:11:53",,,"Arkadia Park","indywidualna działalność gospodarcza",9251833765,080011636,"+48 532 11 00 44",sprzedaz@arkadiapark.pl,https://arkadiapark.pl/,lubuskie,nowosolski,"Nowa Sól","Nowa Sól",Fredry,1,U2,67-100,lubuskie,nowosolski,"Nowa Sól","Nowa Sól",Fredry,1,U2,67-100,"formularz, telefoniczny, e-mail"
4867,"Mieszkanie 7/M3b/6C",444878.00,7390.00,"2025-09-05 19:11:53",,,"Arkadia Park","indywidualna działalność gospodarcza",9251833765,080011636,"+48 532 11 00 44",sprzedaz@arkadiapark.pl,https://arkadiapark.pl/,lubuskie,nowosolski,"Nowa Sól","Nowa Sól",Fredry,1,U2,67-100,lubuskie,nowosolski,"Nowa Sól","Nowa Sól",Fredry,1,U2,67-100,"formularz, telefoniczny, e-mail"
4874,"Mieszkanie 8/M3a/6C",410145.00,7390.00,"2025-09-05 19:11:53",,,"Arkadia Park","indywidualna działalność gospodarcza",9251833765,080011636,"+48 532 11 00 44",sprzedaz@arkadiapark.pl,https://arkadiapark.pl/,lubuskie,nowosolski,"Nowa Sól","Nowa Sól",Fredry,1,U2,67-100,lubuskie,nowosolski,"Nowa Sól","Nowa Sól",Fredry,1,U2,67-100,"formularz, telefoniczny, e-mail"
4883,"Mieszkanie 10/M4/6C",554250.00,7390.00,"2025-09-05 19:11:53",,,"Arkadia Park","indywidualna działalność gospodarcza",9251833765,080011636,"+48 532 11 00 44",sprzedaz@arkadiapark.pl,https://arkadiapark.pl/,lubuskie,nowosolski,"Nowa Sól","Nowa Sól",Fredry,1,U2,67-100,lubuskie,nowosolski,"Nowa Sól","Nowa Sól",Fredry,1,U2,67-100,"formularz, telefoniczny, e-mail"
4889,"Mieszkanie 11/M3d/6C",450790.00,7390.00,"2025-09-05 19:11:53",,,"Arkadia Park","indywidualna działalność gospodarcza",9251833765,080011636,"+48 532 11 00 44",sprzedaz@arkadiapark.pl,https://arkadiapark.pl/,lubuskie,nowosolski,"Nowa Sól","Nowa Sól",Fredry,1,U2,67-100,lubuskie,nowosolski,"Nowa Sól","Nowa Sól",Fredry,1,U2,67-100,"formularz, telefoniczny, e-mail"
4895,"Mieszkanie 12/M3c/6C",424925.00,7390.00,"2025-09-05 19:11:53",,,"Arkadia Park","indywidualna działalność gospodarcza",9251833765,080011636,"+48 532 11 00 44",sprzedaz@arkadiapark.pl,https://arkadiapark.pl/,lubuskie,nowosolski,"Nowa Sól","Nowa Sól",Fredry,1,U2,67-100,lubuskie,nowosolski,"Nowa Sól","Nowa Sól",Fredry,1,U2,67-100,"formularz, telefoniczny, e-mail"
4901,"Mieszkanie 13/M2a/6C",347004.00,7290.00,"2025-09-05 19:11:53",,,"Arkadia Park","indywidualna działalność gospodarcza",9251833765,080011636,"+48 532 11 00 44",sprzedaz@arkadiapark.pl,https://arkadiapark.pl/,lubuskie,nowosolski,"Nowa Sól","Nowa Sól",Fredry,1,U2,67-100,lubuskie,nowosolski,"Nowa Sól","Nowa Sól",Fredry,1,U2,67-100,"formularz, telefoniczny, e-mail"
4907,"Mieszkanie 14/M2/6C",326592.00,7290.00,"2025-09-05 19:11:53",,,"Arkadia Park","indywidualna działalność gospodarcza",9251833765,080011636,"+48 532 11 00 44",sprzedaz@arkadiapark.pl,https://arkadiapark.pl/,lubuskie,nowosolski,"Nowa Sól","Nowa Sól",Fredry,1,U2,67-100,lubuskie,nowosolski,"Nowa Sól","Nowa Sól",Fredry,1,U2,67-100,"formularz, telefoniczny, e-mail"
4913,"Mieszkanie 15/M2/6C",331072.00,7390.00,"2025-09-05 19:11:53",,,"Arkadia Park","indywidualna działalność gospodarcza",9251833765,080011636,"+48 532 11 00 44",sprzedaz@arkadiapark.pl,https://arkadiapark.pl/,lubuskie,nowosolski,"Nowa Sól","Nowa Sól",Fredry,1,U2,67-100,lubuskie,nowosolski,"Nowa Sól","Nowa Sól",Fredry,1,U2,67-100,"formularz, telefoniczny, e-mail"
4919,"Mieszkanie 16/M3b/6C",438858.00,7290.00,"2025-09-05 19:11:53",,,"Arkadia Park","indywidualna działalność gospodarcza",9251833765,080011636,"+48 532 11 00 44",sprzedaz@arkadiapark.pl,https://arkadiapark.pl/,lubuskie,nowosolski,"Nowa Sól","Nowa Sól",Fredry,1,U2,67-100,lubuskie,nowosolski,"Nowa Sól","Nowa Sól",Fredry,1,U2,67-100,"formularz, telefoniczny, e-mail"
4925,"Mieszkanie 17/M3a/6C",404595.00,7290.00,"2025-09-05 19:11:53",,,"Arkadia Park","indywidualna działalność gospodarcza",9251833765,080011636,"+48 532 11 00 44",sprzedaz@arkadiapark.pl,https://arkadiapark.pl/,lubuskie,nowosolski,"Nowa Sól","Nowa Sól",Fredry,1,U2,67-100,lubuskie,nowosolski,"Nowa Sól","Nowa Sól",Fredry,1,U2,67-100,"formularz, telefoniczny, e-mail"
4931,"Mieszkanie 18/M3/6C",363771.00,7290.00,"2025-09-05 19:11:53",,,"Arkadia Park","indywidualna działalność gospodarcza",9251833765,080011636,"+48 532 11 00 44",sprzedaz@arkadiapark.pl,https://arkadiapark.pl/,lubuskie,nowosolski,"Nowa Sól","Nowa Sól",Fredry,1,U2,67-100,lubuskie,nowosolski,"Nowa Sól","Nowa Sól",Fredry,1,U2,67-100,"formularz, telefoniczny, e-mail"
4937,"Mieszkanie 19/M4/6C",554250.00,7390.00,"2025-09-05 19:11:53",,,"Arkadia Park","indywidualna działalność gospodarcza",9251833765,080011636,"+48 532 11 00 44",sprzedaz@arkadiapark.pl,https://arkadiapark.pl/,lubuskie,nowosolski,"Nowa Sól","Nowa Sól",Fredry,1,U2,67-100,lubuskie,nowosolski,"Nowa Sól","Nowa Sól",Fredry,1,U2,67-100,"formularz, telefoniczny, e-mail"
4943,"Mieszkanie 20/M3f/6C",427142.00,7390.00,"2025-09-05 19:11:53",,,"Arkadia Park","indywidualna działalność gospodarcza",9251833765,080011636,"+48 532 11 00 44",sprzedaz@arkadiapark.pl,https://arkadiapark.pl/,lubuskie,nowosolski,"Nowa Sól","Nowa Sól",Fredry,1,U2,67-100,lubuskie,nowosolski,"Nowa Sól","Nowa Sól",Fredry,1,U2,67-100,"formularz, telefoniczny, e-mail"
4949,"Mieszkanie 21/M3c/6C",424925.00,7390.00,"2025-09-05 19:11:53",,,"Arkadia Park","indywidualna działalność gospodarcza",9251833765,080011636,"+48 532 11 00 44",sprzedaz@arkadiapark.pl,https://arkadiapark.pl/,lubuskie,nowosolski,"Nowa Sól","Nowa Sól",Fredry,1,U2,67-100,lubuskie,nowosolski,"Nowa Sól","Nowa Sól",Fredry,1,U2,67-100,"formularz, telefoniczny, e-mail"
4955,"Mieszkanie 22/M2a/6C",347004.00,7290.00,"2025-09-05 19:11:53",,,"Arkadia Park","indywidualna działalność gospodarcza",9251833765,080011636,"+48 532 11 00 44",sprzedaz@arkadiapark.pl,https://arkadiapark.pl/,lubuskie,nowosolski,"Nowa Sól","Nowa Sól",Fredry,1,U2,67-100,lubuskie,nowosolski,"Nowa Sól","Nowa Sól",Fredry,1,U2,67-100,"formularz, telefoniczny, e-mail"
4961,"Mieszkanie 23/M2/6C",326592.00,7290.00,"2025-09-05 19:11:53",,,"Arkadia Park","indywidualna działalność gospodarcza",9251833765,080011636,"+48 532 11 00 44",sprzedaz@arkadiapark.pl,https://arkadiapark.pl/,lubuskie,nowosolski,"Nowa Sól","Nowa Sól",Fredry,1,U2,67-100,lubuskie,nowosolski,"Nowa Sól","Nowa Sól",Fredry,1,U2,67-100,"formularz, telefoniczny, e-mail"
4967,"Mieszkanie 24/M2/6C",331072.00,7390.00,"2025-09-05 19:11:53",,,"Arkadia Park","indywidualna działalność gospodarcza",9251833765,080011636,"+48 532 11 00 44",sprzedaz@arkadiapark.pl,https://arkadiapark.pl/,lubuskie,nowosolski,"Nowa Sól","Nowa Sól",Fredry,1,U2,67-100,lubuskie,nowosolski,"Nowa Sól","Nowa Sól",Fredry,1,U2,67-100,"formularz, telefoniczny, e-mail"
4973,"Mieszkanie 25/M3e/6C",411623.00,7390.00,"2025-09-05 19:11:53",,,"Arkadia Park","indywidualna działalność gospodarcza",9251833765,080011636,"+48 532 11 00 44",sprzedaz@arkadiapark.pl,https://arkadiapark.pl/,lubuskie,nowosolski,"Nowa Sól","Nowa Sól",Fredry,1,U2,67-100,lubuskie,nowosolski,"Nowa Sól","Nowa Sól",Fredry,1,U2,67-100,"formularz, telefoniczny, e-mail"
4979,"Mieszkanie 26/M3a/6C",410145.00,7390.00,"2025-09-05 19:11:53",,,"Arkadia Park","indywidualna działalność gospodarcza",9251833765,080011636,"+48 532 11 00 44",sprzedaz@arkadiapark.pl,https://arkadiapark.pl/,lubuskie,nowosolski,"Nowa Sól","Nowa Sól",Fredry,1,U2,67-100,lubuskie,nowosolski,"Nowa Sól","Nowa Sól",Fredry,1,U2,67-100,"formularz, telefoniczny, e-mail"
4985,"Mieszkanie 27/M3/6C",363771.00,7290.00,"2025-09-05 19:11:53",,,"Arkadia Park","indywidualna działalność gospodarcza",9251833765,080011636,"+48 532 11 00 44",sprzedaz@arkadiapark.pl,https://arkadiapark.pl/,lubuskie,nowosolski,"Nowa Sól","Nowa Sól",Fredry,1,U2,67-100,lubuskie,nowosolski,"Nowa Sól","Nowa Sól",Fredry,1,U2,67-100,"formularz, telefoniczny, e-mail"
5332,"Apartament 1/U3",580796.00,11990.00,"2025-09-05 19:11:53",,,"Arkadia Park","indywidualna działalność gospodarcza",9251833765,080011636,"+48 532 11 00 44",sprzedaz@arkadiapark.pl,https://arkadiapark.pl/,lubuskie,nowosolski,"Nowa Sól","Nowa Sól",Fredry,1,U2,67-100,lubuskie,nowosolski,"Nowa Sól","Nowa Sól",Fredry,1,U2,67-100,"formularz, telefoniczny, e-mail"
5383,"Apartament 2/U3",586311.00,11990.00,"2025-09-05 19:11:53",,,"Arkadia Park","indywidualna działalność gospodarcza",9251833765,080011636,"+48 532 11 00 44",sprzedaz@arkadiapark.pl,https://arkadiapark.pl/,lubuskie,nowosolski,"Nowa Sól","Nowa Sól",Fredry,1,U2,67-100,lubuskie,nowosolski,"Nowa Sól","Nowa Sól",Fredry,1,U2,67-100,"formularz, telefoniczny, e-mail"
5397,"Apartament 3/U2",489580.00,12690.00,"2025-09-05 19:11:53",,,"Arkadia Park","indywidualna działalność gospodarcza",9251833765,080011636,"+48 532 11 00 44",sprzedaz@arkadiapark.pl,https://arkadiapark.pl/,lubuskie,nowosolski,"Nowa Sól","Nowa Sól",Fredry,1,U2,67-100,lubuskie,nowosolski,"Nowa Sól","Nowa Sól",Fredry,1,U2,67-100,"formularz, telefoniczny, e-mail"
5407,"Apartament z tarasem 4/U3",624701.00,12290.00,"2025-09-05 19:11:53",,,"Arkadia Park","indywidualna działalność gospodarcza",9251833765,080011636,"+48 532 11 00 44",sprzedaz@arkadiapark.pl,https://arkadiapark.pl/,lubuskie,nowosolski,"Nowa Sól","Nowa Sól",Fredry,1,U2,67-100,lubuskie,nowosolski,"Nowa Sól","Nowa Sól",Fredry,1,U2,67-100,"formularz, telefoniczny, e-mail"
5417,"Apartament z tarasem 5/U3",772145.00,12390.00,"2025-09-05 19:11:53",,,"Arkadia Park","indywidualna działalność gospodarcza",9251833765,080011636,"+48 532 11 00 44",sprzedaz@arkadiapark.pl,https://arkadiapark.pl/,lubuskie,nowosolski,"Nowa Sól","Nowa Sól",Fredry,1,U2,67-100,lubuskie,nowosolski,"Nowa Sól","Nowa Sól",Fredry,1,U2,67-100,"formularz, telefoniczny, e-mail"
5427,"Apartament z tarasem 6/U2",439728.00,13390.00,"2025-09-05 19:11:53",,,"Arkadia Park","indywidualna działalność gospodarcza",9251833765,080011636,"+48 532 11 00 44",sprzedaz@arkadiapark.pl,https://arkadiapark.pl/,lubuskie,nowosolski,"Nowa Sól","Nowa Sól",Fredry,1,U2,67-100,lubuskie,nowosolski,"Nowa Sól","Nowa Sól",Fredry,1,U2,67-100,"formularz, telefoniczny, e-mail"
5437,"Apartament z 2 tarasami 7/U3",749375.00,11990.00,"2025-09-05 19:11:53",,,"Arkadia Park","indywidualna działalność gospodarcza",9251833765,080011636,"+48 532 11 00 44",sprzedaz@arkadiapark.pl,https://arkadiapark.pl/,lubuskie,nowosolski,"Nowa Sól","Nowa Sól",Fredry,1,U2,67-100,lubuskie,nowosolski,"Nowa Sól","Nowa Sól",Fredry,1,U2,67-100,"formularz, telefoniczny, e-mail"
5447,"Apartament z tarasem 8/U2",451403.00,12990.00,"2025-09-05 19:11:53",,,"Arkadia Park","indywidualna działalność gospodarcza",9251833765,080011636,"+48 532 11 00 44",sprzedaz@arkadiapark.pl,https://arkadiapark.pl/,lubuskie,nowosolski,"Nowa Sól","Nowa Sól",Fredry,1,U2,67-100,lubuskie,nowosolski,"Nowa Sól","Nowa Sól",Fredry,1,U2,67-100,"formularz, telefoniczny, e-mail"
5457,"Apartament z tarasem 9/U2",488554.00,12990.00,"2025-09-05 19:11:53",,,"Arkadia Park","indywidualna działalność gospodarcza",9251833765,080011636,"+48 532 11 00 44",sprzedaz@arkadiapark.pl,https://arkadiapark.pl/,lubuskie,nowosolski,"Nowa Sól","Nowa Sól",Fredry,1,U2,67-100,lubuskie,nowosolski,"Nowa Sól","Nowa Sól",Fredry,1,U2,67-100,"formularz, telefoniczny, e-mail"
5467,"Apartament z tarasem 10/U2",512326.00,12990.00,"2025-09-05 19:11:53",,,"Arkadia Park","indywidualna działalność gospodarcza",9251833765,080011636,"+48 532 11 00 44",sprzedaz@arkadiapark.pl,https://arkadiapark.pl/,lubuskie,nowosolski,"Nowa Sól","Nowa Sól",Fredry,1,U2,67-100,lubuskie,nowosolski,"Nowa Sól","Nowa Sól",Fredry,1,U2,67-100,"formularz, telefoniczny, e-mail"
5477,"Apartament z tarasem 11/U3",624332.00,12290.00,"2025-09-05 19:11:53",,,"Arkadia Park","indywidualna działalność gospodarcza",9251833765,080011636,"+48 532 11 00 44",sprzedaz@arkadiapark.pl,https://arkadiapark.pl/,lubuskie,nowosolski,"Nowa Sól","Nowa Sól",Fredry,1,U2,67-100,lubuskie,nowosolski,"Nowa Sól","Nowa Sól",Fredry,1,U2,67-100,"formularz, telefoniczny, e-mail"
5487,"Apartament z tarasem 13/U3",774375.00,12390.00,"2025-09-05 19:11:53",,,"Arkadia Park","indywidualna działalność gospodarcza",9251833765,080011636,"+48 532 11 00 44",sprzedaz@arkadiapark.pl,https://arkadiapark.pl/,lubuskie,nowosolski,"Nowa Sól","Nowa Sól",Fredry,1,U2,67-100,lubuskie,nowosolski,"Nowa Sól","Nowa Sól",Fredry,1,U2,67-100,"formularz, telefoniczny, e-mail"
5508,"Apartament z tarasem 12/U2",513258.00,11490.00,"2025-09-05 19:11:53",,,"Arkadia Park","indywidualna działalność gospodarcza",9251833765,080011636,"+48 532 11 00 44",sprzedaz@arkadiapark.pl,https://arkadiapark.pl/,lubuskie,nowosolski,"Nowa Sól","Nowa Sól",Fredry,1,U2,67-100,lubuskie,nowosolski,"Nowa Sól","Nowa Sól",Fredry,1,U2,67-100,"formularz, telefoniczny, e-mail"
5510,"Apartament 14/U2",451403.00,12990.00,"2025-09-05 19:11:53",,,"Arkadia Park","indywidualna działalność gospodarcza",9251833765,080011636,"+48 532 11 00 44",sprzedaz@arkadiapark.pl,https://arkadiapark.pl/,lubuskie,nowosolski,"Nowa Sól","Nowa Sól",Fredry,1,U2,67-100,lubuskie,nowosolski,"Nowa Sól","Nowa Sól",Fredry,1,U2,67-100,"formularz, telefoniczny, e-mail"
5520,"Apartament z tarasem 15/U2",488554.00,12990.00,"2025-09-05 19:11:53",,,"Arkadia Park","indywidualna działalność gospodarcza",9251833765,080011636,"+48 532 11 00 44",sprzedaz@arkadiapark.pl,https://arkadiapark.pl/,lubuskie,nowosolski,"Nowa Sól","Nowa Sól",Fredry,1,U2,67-100,lubuskie,nowosolski,"Nowa Sól","Nowa Sól",Fredry,1,U2,67-100,"formularz, telefoniczny, e-mail"
5530,"Apartament 16/U3",634992.00,12490.00,"2025-09-05 19:11:53",,,"Arkadia Park","indywidualna działalność gospodarcza",9251833765,080011636,"+48 532 11 00 44",sprzedaz@arkadiapark.pl,https://arkadiapark.pl/,lubuskie,nowosolski,"Nowa Sól","Nowa Sól",Fredry,1,U2,67-100,lubuskie,nowosolski,"Nowa Sól","Nowa Sól",Fredry,1,U2,67-100,"formularz, telefoniczny, e-mail"
5540,"Apartament 17/U3",605016.00,12490.00,"2025-09-05 19:11:53",,,"Arkadia Park","indywidualna działalność gospodarcza",9251833765,080011636,"+48 532 11 00 44",sprzedaz@arkadiapark.pl,https://arkadiapark.pl/,lubuskie,nowosolski,"Nowa Sól","Nowa Sól",Fredry,1,U2,67-100,lubuskie,nowosolski,"Nowa Sól","Nowa Sól",Fredry,1,U2,67-100,"formularz, telefoniczny, e-mail"
5550,"Apartament 18/U3",610761.00,12490.00,"2025-09-05 19:11:53",,,"Arkadia Park","indywidualna działalność gospodarcza",9251833765,080011636,"+48 532 11 00 44",sprzedaz@arkadiapark.pl,https://arkadiapark.pl/,lubuskie,nowosolski,"Nowa Sól","Nowa Sól",Fredry,1,U2,67-100,lubuskie,nowosolski,"Nowa Sól","Nowa Sól",Fredry,1,U2,67-100,"formularz, telefoniczny, e-mail"
5560,"Apartament 19/U2",489580.00,12690.00,"2025-09-05 19:11:53",,,"Arkadia Park","indywidualna działalność gospodarcza",9251833765,080011636,"+48 532 11 00 44",sprzedaz@arkadiapark.pl,https://arkadiapark.pl/,lubuskie,nowosolski,"Nowa Sól","Nowa Sól",Fredry,1,U2,67-100,lubuskie,nowosolski,"Nowa Sól","Nowa Sól",Fredry,1,U2,67-100,"formularz, telefoniczny, e-mail"
5570,"Apartament 20/U3",609452.00,11990.00,"2025-09-05 19:11:53",,,"Arkadia Park","indywidualna działalność gospodarcza",9251833765,080011636,"+48 532 11 00 44",sprzedaz@arkadiapark.pl,https://arkadiapark.pl/,lubuskie,nowosolski,"Nowa Sól","Nowa Sól",Fredry,1,U2,67-100,lubuskie,nowosolski,"Nowa Sól","Nowa Sól",Fredry,1,U2,67-100,"formularz, telefoniczny, e-mail"
5580,"Apartament 21/U3",794937.00,11990.00,"2025-09-05 19:11:53",,,"Arkadia Park","indywidualna działalność gospodarcza",9251833765,080011636,"+48 532 11 00 44",sprzedaz@arkadiapark.pl,https://arkadiapark.pl/,lubuskie,nowosolski,"Nowa Sól","Nowa Sól",Fredry,1,U2,67-100,lubuskie,nowosolski,"Nowa Sól","Nowa Sól",Fredry,1,U2,67-100,"formularz, telefoniczny, e-mail"
5590,"Apartament 22/U2",435779.00,13290.00,"2025-09-05 19:11:53",,,"Arkadia Park","indywidualna działalność gospodarcza",9251833765,080011636,"+48 532 11 00 44",sprzedaz@arkadiapark.pl,https://arkadiapark.pl/,lubuskie,nowosolski,"Nowa Sól","Nowa Sól",Fredry,1,U2,67-100,lubuskie,nowosolski,"Nowa Sól","Nowa Sól",Fredry,1,U2,67-100,"formularz, telefoniczny, e-mail"
5600,"Apartament 23/U3",749375.00,11990.00,"2025-09-05 19:11:53",,,"Arkadia Park","indywidualna działalność gospodarcza",9251833765,080011636,"+48 532 11 00 44",sprzedaz@arkadiapark.pl,https://arkadiapark.pl/,lubuskie,nowosolski,"Nowa Sól","Nowa Sól",Fredry,1,U2,67-100,lubuskie,nowosolski,"Nowa Sól","Nowa Sól",Fredry,1,U2,67-100,"formularz, telefoniczny, e-mail"
5610,"Apartament 24/U2",440978.00,12690.00,"2025-09-05 19:11:53",,,"Arkadia Park","indywidualna działalność gospodarcza",9251833765,080011636,"+48 532 11 00 44",sprzedaz@arkadiapark.pl,https://arkadiapark.pl/,lubuskie,nowosolski,"Nowa Sól","Nowa Sól",Fredry,1,U2,67-100,lubuskie,nowosolski,"Nowa Sól","Nowa Sól",Fredry,1,U2,67-100,"formularz, telefoniczny, e-mail"
5621,"Apartament 25/U2",499837.00,13290.00,"2025-09-05 19:11:53",,,"Arkadia Park","indywidualna działalność gospodarcza",9251833765,080011636,"+48 532 11 00 44",sprzedaz@arkadiapark.pl,https://arkadiapark.pl/,lubuskie,nowosolski,"Nowa Sól","Nowa Sól",Fredry,1,U2,67-100,lubuskie,nowosolski,"Nowa Sól","Nowa Sól",Fredry,1,U2,67-100,"formularz, telefoniczny, e-mail"
5631,"Apartament 26/U2",524556.00,13290.00,"2025-09-05 19:11:53",,,"Arkadia Park","indywidualna działalność gospodarcza",9251833765,080011636,"+48 532 11 00 44",sprzedaz@arkadiapark.pl,https://arkadiapark.pl/,lubuskie,nowosolski,"Nowa Sól","Nowa Sól",Fredry,1,U2,67-100,lubuskie,nowosolski,"Nowa Sól","Nowa Sól",Fredry,1,U2,67-100,"formularz, telefoniczny, e-mail"
5641,"Apartament 27/U3",634492.00,12490.00,"2025-09-05 19:11:53",,,"Arkadia Park","indywidualna działalność gospodarcza",9251833765,080011636,"+48 532 11 00 44",sprzedaz@arkadiapark.pl,https://arkadiapark.pl/,lubuskie,nowosolski,"Nowa Sól","Nowa Sól",Fredry,1,U2,67-100,lubuskie,nowosolski,"Nowa Sól","Nowa Sól",Fredry,1,U2,67-100,"formularz, telefoniczny, e-mail"
5656,"Apartament 28/U2",513258.00,11490.00,"2025-09-05 19:11:53",,,"Arkadia Park","indywidualna działalność gospodarcza",9251833765,080011636,"+48 532 11 00 44",sprzedaz@arkadiapark.pl,https://arkadiapark.pl/,lubuskie,nowosolski,"Nowa Sól","Nowa Sól",Fredry,1,U2,67-100,lubuskie,nowosolski,"Nowa Sól","Nowa Sól",Fredry,1,U2,67-100,"formularz, telefoniczny, e-mail"
5666,"Apartament 29/U3",749375.00,11990.00,"2025-09-05 19:11:53",,,"Arkadia Park","indywidualna działalność gospodarcza",9251833765,080011636,"+48 532 11 00 44",sprzedaz@arkadiapark.pl,https://arkadiapark.pl/,lubuskie,nowosolski,"Nowa Sól","Nowa Sól",Fredry,1,U2,67-100,lubuskie,nowosolski,"Nowa Sól","Nowa Sól",Fredry,1,U2,67-100,"formularz, telefoniczny, e-mail"
5676,"Apartament 30/U2",461828.00,13290.00,"2025-09-05 19:11:51",,,"Arkadia Park","indywidualna działalność gospodarcza",9251833765,080011636,"+48 532 11 00 44",sprzedaz@arkadiapark.pl,https://arkadiapark.pl/,lubuskie,nowosolski,"Nowa Sól","Nowa Sól",Fredry,1,U2,67-100,lubuskie,nowosolski,"Nowa Sól","Nowa Sól",Fredry,1,U2,67-100,"formularz, telefoniczny, e-mail"
5686,"Apartament 31/U2",499837.00,13290.00,"2025-09-05 19:11:51",,,"Arkadia Park","indywidualna działalność gospodarcza",9251833765,080011636,"+48 532 11 00 44",sprzedaz@arkadiapark.pl,https://arkadiapark.pl/,lubuskie,nowosolski,"Nowa Sól","Nowa Sól",Fredry,1,U2,67-100,lubuskie,nowosolski,"Nowa Sól","Nowa Sól",Fredry,1,U2,67-100,"formularz, telefoniczny, e-mail"
5696,"Apartament 32/U2",557921.00,12990.00,"2025-09-05 19:11:51",,,"Arkadia Park","indywidualna działalność gospodarcza",9251833765,080011636,"+48 532 11 00 44",sprzedaz@arkadiapark.pl,https://arkadiapark.pl/,lubuskie,nowosolski,"Nowa Sól","Nowa Sól",Fredry,1,U2,67-100,lubuskie,nowosolski,"Nowa Sól","Nowa Sól",Fredry,1,U2,67-100,"formularz, telefoniczny, e-mail"
5706,"Apartament 33/U2",489737.00,13290.00,"2025-09-05 19:11:51",,,"Arkadia Park","indywidualna działalność gospodarcza",9251833765,080011636,"+48 532 11 00 44",sprzedaz@arkadiapark.pl,https://arkadiapark.pl/,lubuskie,nowosolski,"Nowa Sól","Nowa Sól",Fredry,1,U2,67-100,lubuskie,nowosolski,"Nowa Sól","Nowa Sól",Fredry,1,U2,67-100,"formularz, telefoniczny, e-mail"
5716,"Apartament 34/U2",484905.00,11290.00,"2025-09-05 19:11:51",,,"Arkadia Park","indywidualna działalność gospodarcza",9251833765,080011636,"+48 532 11 00 44",sprzedaz@arkadiapark.pl,https://arkadiapark.pl/,lubuskie,nowosolski,"Nowa Sól","Nowa Sól",Fredry,1,U2,67-100,lubuskie,nowosolski,"Nowa Sól","Nowa Sól",Fredry,1,U2,67-100,"formularz, telefoniczny, e-mail"
5726,"Apartament 35/U3",604127.00,11290.00,"2025-09-05 19:11:51",,,"Arkadia Park","indywidualna działalność gospodarcza",9251833765,080011636,"+48 532 11 00 44",sprzedaz@arkadiapark.pl,https://arkadiapark.pl/,lubuskie,nowosolski,"Nowa Sól","Nowa Sól",Fredry,1,U2,67-100,lubuskie,nowosolski,"Nowa Sól","Nowa Sól",Fredry,1,U2,67-100,"formularz, telefoniczny, e-mail"
5736,"Apartament 36/U3",602977.00,11990.00,"2025-09-05 19:11:51",,,"Arkadia Park","indywidualna działalność gospodarcza",9251833765,080011636,"+48 532 11 00 44",sprzedaz@arkadiapark.pl,https://arkadiapark.pl/,lubuskie,nowosolski,"Nowa Sól","Nowa Sól",Fredry,1,U2,67-100,lubuskie,nowosolski,"Nowa Sól","Nowa Sól",Fredry,1,U2,67-100,"formularz, telefoniczny, e-mail"
5746,"Apartament 37/U2",538378.00,13290.00,"2025-09-05 19:11:51",,,"Arkadia Park","indywidualna działalność gospodarcza",9251833765,080011636,"+48 532 11 00 44",sprzedaz@arkadiapark.pl,https://arkadiapark.pl/,lubuskie,nowosolski,"Nowa Sól","Nowa Sól",Fredry,1,U2,67-100,lubuskie,nowosolski,"Nowa Sól","Nowa Sól",Fredry,1,U2,67-100,"formularz, telefoniczny, e-mail"
5756,"Apartament 38/U2",443389.00,12690.00,"2025-09-05 19:11:51",,,"Arkadia Park","indywidualna działalność gospodarcza",9251833765,080011636,"+48 532 11 00 44",sprzedaz@arkadiapark.pl,https://arkadiapark.pl/,lubuskie,nowosolski,"Nowa Sól","Nowa Sól",Fredry,1,U2,67-100,lubuskie,nowosolski,"Nowa Sól","Nowa Sól",Fredry,1,U2,67-100,"formularz, telefoniczny, e-mail"
5766,"Apartament 39/U2",538378.00,13290.00,"2025-09-05 19:11:51",,,"Arkadia Park","indywidualna działalność gospodarcza",9251833765,080011636,"+48 532 11 00 44",sprzedaz@arkadiapark.pl,https://arkadiapark.pl/,lubuskie,nowosolski,"Nowa Sól","Nowa Sól",Fredry,1,U2,67-100,lubuskie,nowosolski,"Nowa Sól","Nowa Sól",Fredry,1,U2,67-100,"formularz, telefoniczny, e-mail"
5778,"Apartament 41/M3",611818.00,12390.00,"2025-09-05 19:11:51",,,"Arkadia Park","indywidualna działalność gospodarcza",9251833765,080011636,"+48 532 11 00 44",sprzedaz@arkadiapark.pl,https://arkadiapark.pl/,lubuskie,nowosolski,"Nowa Sól","Nowa Sól",Fredry,1,U2,67-100,lubuskie,nowosolski,"Nowa Sól","Nowa Sól",Fredry,1,U2,67-100,"formularz, telefoniczny, e-mail"
5792,"Apartament 42/M3",621359.00,12390.00,"2025-09-05 19:11:51",,,"Arkadia Park","indywidualna działalność gospodarcza",9251833765,080011636,"+48 532 11 00 44",sprzedaz@arkadiapark.pl,https://arkadiapark.pl/,lubuskie,nowosolski,"Nowa Sól","Nowa Sól",Fredry,1,U2,67-100,lubuskie,nowosolski,"Nowa Sól","Nowa Sól",Fredry,1,U2,67-100,"formularz, telefoniczny, e-mail"
5806,"Apartament 43/M2",494022.00,12690.00,"2025-09-05 19:11:51",,,"Arkadia Park","indywidualna działalność gospodarcza",9251833765,080011636,"+48 532 11 00 44",sprzedaz@arkadiapark.pl,https://arkadiapark.pl/,lubuskie,nowosolski,"Nowa Sól","Nowa Sól",Fredry,1,U2,67-100,lubuskie,nowosolski,"Nowa Sól","Nowa Sól",Fredry,1,U2,67-100,"formularz, telefoniczny, e-mail"
5812,"Apartament 44/M3",620962.00,11990.00,"2025-09-05 19:11:51",,,"Arkadia Park","indywidualna działalność gospodarcza",9251833765,080011636,"+48 532 11 00 44",sprzedaz@arkadiapark.pl,https://arkadiapark.pl/,lubuskie,nowosolski,"Nowa Sól","Nowa Sól",Fredry,1,U2,67-100,lubuskie,nowosolski,"Nowa Sól","Nowa Sól",Fredry,1,U2,67-100,"formularz, telefoniczny, e-mail"
5822,"Apartament 45/M4",800932.00,11990.00,"2025-09-05 19:11:51",,,"Arkadia Park","indywidualna działalność gospodarcza",9251833765,080011636,"+48 532 11 00 44",sprzedaz@arkadiapark.pl,https://arkadiapark.pl/,lubuskie,nowosolski,"Nowa Sól","Nowa Sól",Fredry,1,U2,67-100,lubuskie,nowosolski,"Nowa Sól","Nowa Sól",Fredry,1,U2,67-100,"formularz, telefoniczny, e-mail"
5832,"Apartament 46/M2",416105.00,12690.00,"2025-09-05 19:11:51",,,"Arkadia Park","indywidualna działalność gospodarcza",9251833765,080011636,"+48 532 11 00 44",sprzedaz@arkadiapark.pl,https://arkadiapark.pl/,lubuskie,nowosolski,"Nowa Sól","Nowa Sól",Fredry,1,U2,67-100,lubuskie,nowosolski,"Nowa Sól","Nowa Sól",Fredry,1,U2,67-100,"formularz, telefoniczny, e-mail"
5842,"Apartament 47/M3",793125.00,12690.00,"2025-09-05 19:11:51",,,"Arkadia Park","indywidualna działalność gospodarcza",9251833765,080011636,"+48 532 11 00 44",sprzedaz@arkadiapark.pl,https://arkadiapark.pl/,lubuskie,nowosolski,"Nowa Sól","Nowa Sól",Fredry,1,U2,67-100,lubuskie,nowosolski,"Nowa Sól","Nowa Sól",Fredry,1,U2,67-100,"formularz, telefoniczny, e-mail"
5852,"Apartament 48/M2",440978.00,12690.00,"2025-09-05 19:11:51",,,"Arkadia Park","indywidualna działalność gospodarcza",9251833765,080011636,"+48 532 11 00 44",sprzedaz@arkadiapark.pl,https://arkadiapark.pl/,lubuskie,nowosolski,"Nowa Sól","Nowa Sól",Fredry,1,U2,67-100,lubuskie,nowosolski,"Nowa Sól","Nowa Sól",Fredry,1,U2,67-100,"formularz, telefoniczny, e-mail"
5866,"Apartament 49/M2",477271.00,12690.00,"2025-09-05 19:11:51",,,"Arkadia Park","indywidualna działalność gospodarcza",9251833765,080011636,"+48 532 11 00 44",sprzedaz@arkadiapark.pl,https://arkadiapark.pl/,lubuskie,nowosolski,"Nowa Sól","Nowa Sól",Fredry,1,U2,67-100,lubuskie,nowosolski,"Nowa Sól","Nowa Sól",Fredry,1,U2,67-100,"formularz, telefoniczny, e-mail"
5876,"Apartament 50/M2",524556.00,13290.00,"2025-09-05 19:11:51",,,"Arkadia Park","indywidualna działalność gospodarcza",9251833765,080011636,"+48 532 11 00 44",sprzedaz@arkadiapark.pl,https://arkadiapark.pl/,lubuskie,nowosolski,"Nowa Sól","Nowa Sól",Fredry,1,U2,67-100,lubuskie,nowosolski,"Nowa Sól","Nowa Sól",Fredry,1,U2,67-100,"formularz, telefoniczny, e-mail"
5886,"Apartament 51/M3",644652.00,12690.00,"2025-09-05 19:11:51",,,"Arkadia Park","indywidualna działalność gospodarcza",9251833765,080011636,"+48 532 11 00 44",sprzedaz@arkadiapark.pl,https://arkadiapark.pl/,lubuskie,nowosolski,"Nowa Sól","Nowa Sól",Fredry,1,U2,67-100,lubuskie,nowosolski,"Nowa Sól","Nowa Sól",Fredry,1,U2,67-100,"formularz, telefoniczny, e-mail"
5896,"Apartament 52/M2",513258.00,11490.00,"2025-09-05 19:11:51",,,"Arkadia Park","indywidualna działalność gospodarcza",9251833765,080011636,"+48 532 11 00 44",sprzedaz@arkadiapark.pl,https://arkadiapark.pl/,lubuskie,nowosolski,"Nowa Sól","Nowa Sól",Fredry,1,U2,67-100,lubuskie,nowosolski,"Nowa Sól","Nowa Sól",Fredry,1,U2,67-100,"formularz, telefoniczny, e-mail"
5906,"Apartament 53/M3",793125.00,12690.00,"2025-09-05 19:11:51",,,"Arkadia Park","indywidualna działalność gospodarcza",9251833765,080011636,"+48 532 11 00 44",sprzedaz@arkadiapark.pl,https://arkadiapark.pl/,lubuskie,nowosolski,"Nowa Sól","Nowa Sól",Fredry,1,U2,67-100,lubuskie,nowosolski,"Nowa Sól","Nowa Sól",Fredry,1,U2,67-100,"formularz, telefoniczny, e-mail"
5920,"Apartament 54/M2",440978.00,12690.00,"2025-09-05 19:11:51",,,"Arkadia Park","indywidualna działalność gospodarcza",9251833765,080011636,"+48 532 11 00 44",sprzedaz@arkadiapark.pl,https://arkadiapark.pl/,lubuskie,nowosolski,"Nowa Sól","Nowa Sól",Fredry,1,U2,67-100,lubuskie,nowosolski,"Nowa Sól","Nowa Sól",Fredry,1,U2,67-100,"formularz, telefoniczny, e-mail"
5921,"Apartament 55/M2",477271.00,12690.00,"2025-09-05 19:11:51",,,"Arkadia Park","indywidualna działalność gospodarcza",9251833765,080011636,"+48 532 11 00 44",sprzedaz@arkadiapark.pl,https://arkadiapark.pl/,lubuskie,nowosolski,"Nowa Sól","Nowa Sól",Fredry,1,U2,67-100,lubuskie,nowosolski,"Nowa Sól","Nowa Sól",Fredry,1,U2,67-100,"formularz, telefoniczny, e-mail"
5940,"Apartament 56/M2",570806.00,13290.00,"2025-09-05 19:11:51",,,"Arkadia Park","indywidualna działalność gospodarcza",9251833765,080011636,"+48 532 11 00 44",sprzedaz@arkadiapark.pl,https://arkadiapark.pl/,lubuskie,nowosolski,"Nowa Sól","Nowa Sól",Fredry,1,U2,67-100,lubuskie,nowosolski,"Nowa Sól","Nowa Sól",Fredry,1,U2,67-100,"formularz, telefoniczny, e-mail"
5954,"Apartament 57/M2",489737.00,13290.00,"2025-09-05 19:11:51",,,"Arkadia Park","indywidualna działalność gospodarcza",9251833765,080011636,"+48 532 11 00 44",sprzedaz@arkadiapark.pl,https://arkadiapark.pl/,lubuskie,nowosolski,"Nowa Sól","Nowa Sól",Fredry,1,U2,67-100,lubuskie,nowosolski,"Nowa Sól","Nowa Sól",Fredry,1,U2,67-100,"formularz, telefoniczny, e-mail"
5964,"Apartament 58/M2",570806.00,13290.00,"2025-09-05 19:11:51",,,"Arkadia Park","indywidualna działalność gospodarcza",9251833765,080011636,"+48 532 11 00 44",sprzedaz@arkadiapark.pl,https://arkadiapark.pl/,lubuskie,nowosolski,"Nowa Sól","Nowa Sól",Fredry,1,U2,67-100,lubuskie,nowosolski,"Nowa Sól","Nowa Sól",Fredry,1,U2,67-100,"formularz, telefoniczny, e-mail"
5974,"Apartament 59/M3",800231.00,12690.00,"2025-09-05 19:11:51",,,"Arkadia Park","indywidualna działalność gospodarcza",9251833765,080011636,"+48 532 11 00 44",sprzedaz@arkadiapark.pl,https://arkadiapark.pl/,lubuskie,nowosolski,"Nowa Sól","Nowa Sól",Fredry,1,U2,67-100,lubuskie,nowosolski,"Nowa Sól","Nowa Sól",Fredry,1,U2,67-100,"formularz, telefoniczny, e-mail"
5984,"Apartament 60/M3",627677.00,12390.00,"2025-09-05 19:11:51",,,"Arkadia Park","indywidualna działalność gospodarcza",9251833765,080011636,"+48 532 11 00 44",sprzedaz@arkadiapark.pl,https://arkadiapark.pl/,lubuskie,nowosolski,"Nowa Sól","Nowa Sól",Fredry,1,U2,67-100,lubuskie,nowosolski,"Nowa Sól","Nowa Sól",Fredry,1,U2,67-100,"formularz, telefoniczny, e-mail"
5994,"Apartament 61/M2",543827.00,13290.00,"2025-09-05 19:11:51",,,"Arkadia Park","indywidualna działalność gospodarcza",9251833765,080011636,"+48 532 11 00 44",sprzedaz@arkadiapark.pl,https://arkadiapark.pl/,lubuskie,nowosolski,"Nowa Sól","Nowa Sól",Fredry,1,U2,67-100,lubuskie,nowosolski,"Nowa Sól","Nowa Sól",Fredry,1,U2,67-100,"formularz, telefoniczny, e-mail"
6004,"Apartament 62/M2",451383.00,12690.00,"2025-09-05 19:11:51",,,"Arkadia Park","indywidualna działalność gospodarcza",9251833765,080011636,"+48 532 11 00 44",sprzedaz@arkadiapark.pl,https://arkadiapark.pl/,lubuskie,nowosolski,"Nowa Sól","Nowa Sól",Fredry,1,U2,67-100,lubuskie,nowosolski,"Nowa Sól","Nowa Sól",Fredry,1,U2,67-100,"formularz, telefoniczny, e-mail"
6014,"Apartament 63/M2",519148.00,12690.00,"2025-09-05 19:11:51",,,"Arkadia Park","indywidualna działalność gospodarcza",9251833765,080011636,"+48 532 11 00 44",sprzedaz@arkadiapark.pl,https://arkadiapark.pl/,lubuskie,nowosolski,"Nowa Sól","Nowa Sól",Fredry,1,U2,67-100,lubuskie,nowosolski,"Nowa Sól","Nowa Sól",Fredry,1,U2,67-100,"formularz, telefoniczny, e-mail"
6024,"Apartament z antresolą 64/M4",1065543.00,12290.00,"2025-09-05 19:11:51",,,"Arkadia Park","indywidualna działalność gospodarcza",9251833765,080011636,"+48 532 11 00 44",sprzedaz@arkadiapark.pl,https://arkadiapark.pl/,lubuskie,nowosolski,"Nowa Sól","Nowa Sól",Fredry,1,U2,67-100,lubuskie,nowosolski,"Nowa Sól","Nowa Sól",Fredry,1,U2,67-100,"formularz, telefoniczny, e-mail"
6034,"Apartament z antresolą 65/M4",1055342.00,12290.00,"2025-09-05 19:11:51",,,"Arkadia Park","indywidualna działalność gospodarcza",9251833765,080011636,"+48 532 11 00 44",sprzedaz@arkadiapark.pl,https://arkadiapark.pl/,lubuskie,nowosolski,"Nowa Sól","Nowa Sól",Fredry,1,U2,67-100,lubuskie,nowosolski,"Nowa Sól","Nowa Sól",Fredry,1,U2,67-100,"formularz, telefoniczny, e-mail"
6044,"Apartament z antresolą 66/M4",1064191.00,12290.00,"2025-09-05 19:11:51",,,"Arkadia Park","indywidualna działalność gospodarcza",9251833765,080011636,"+48 532 11 00 44",sprzedaz@arkadiapark.pl,https://arkadiapark.pl/,lubuskie,nowosolski,"Nowa Sól","Nowa Sól",Fredry,1,U2,67-100,lubuskie,nowosolski,"Nowa Sól","Nowa Sól",Fredry,1,U2,67-100,"formularz, telefoniczny, e-mail"
6054,"Apartament z antresolą 67/M3",778940.00,12290.00,"2025-09-05 19:11:51",,,"Arkadia Park","indywidualna działalność gospodarcza",9251833765,080011636,"+48 532 11 00 44",sprzedaz@arkadiapark.pl,https://arkadiapark.pl/,lubuskie,nowosolski,"Nowa Sól","Nowa Sól",Fredry,1,U2,67-100,lubuskie,nowosolski,"Nowa Sól","Nowa Sól",Fredry,1,U2,67-100,"formularz, telefoniczny, e-mail"
6064,"Apartament z antresolą 82/M4",981262.00,11990.00,"2025-09-05 19:11:51",,,"Arkadia Park","indywidualna działalność gospodarcza",9251833765,080011636,"+48 532 11 00 44",sprzedaz@arkadiapark.pl,https://arkadiapark.pl/,lubuskie,nowosolski,"Nowa Sól","Nowa Sól",Fredry,1,U2,67-100,lubuskie,nowosolski,"Nowa Sól","Nowa Sól",Fredry,1,U2,67-100,"formularz, telefoniczny, e-mail"
6074,"Apartament 69/M4",820972.00,12290.00,"2025-09-05 19:11:51",,,"Arkadia Park","indywidualna działalność gospodarcza",9251833765,080011636,"+48 532 11 00 44",sprzedaz@arkadiapark.pl,https://arkadiapark.pl/,lubuskie,nowosolski,"Nowa Sól","Nowa Sól",Fredry,1,U2,67-100,lubuskie,nowosolski,"Nowa Sól","Nowa Sól",Fredry,1,U2,67-100,"formularz, telefoniczny, e-mail"
6084,"Apartament 70/M2",416105.00,12690.00,"2025-09-05 19:11:51",,,"Arkadia Park","indywidualna działalność gospodarcza",9251833765,080011636,"+48 532 11 00 44",sprzedaz@arkadiapark.pl,https://arkadiapark.pl/,lubuskie,nowosolski,"Nowa Sól","Nowa Sól",Fredry,1,U2,67-100,lubuskie,nowosolski,"Nowa Sól","Nowa Sól",Fredry,1,U2,67-100,"formularz, telefoniczny, e-mail"
6094,"Apartament 71/M3",780625.00,12490.00,"2025-09-05 19:11:51",,,"Arkadia Park","indywidualna działalność gospodarcza",9251833765,080011636,"+48 532 11 00 44",sprzedaz@arkadiapark.pl,https://arkadiapark.pl/,lubuskie,nowosolski,"Nowa Sól","Nowa Sól",Fredry,1,U2,67-100,lubuskie,nowosolski,"Nowa Sól","Nowa Sól",Fredry,1,U2,67-100,"formularz, telefoniczny, e-mail"
6108,"Apartament 72/M4",925609.00,12690.00,"2025-09-05 19:11:51",,,"Arkadia Park","indywidualna działalność gospodarcza",9251833765,080011636,"+48 532 11 00 44",sprzedaz@arkadiapark.pl,https://arkadiapark.pl/,lubuskie,nowosolski,"Nowa Sól","Nowa Sól",Fredry,1,U2,67-100,lubuskie,nowosolski,"Nowa Sól","Nowa Sól",Fredry,1,U2,67-100,"formularz, telefoniczny, e-mail"
6118,"Apartament 73/M2",524556.00,13290.00,"2025-09-05 19:11:51",,,"Arkadia Park","indywidualna działalność gospodarcza",9251833765,080011636,"+48 532 11 00 44",sprzedaz@arkadiapark.pl,https://arkadiapark.pl/,lubuskie,nowosolski,"Nowa Sól","Nowa Sól",Fredry,1,U2,67-100,lubuskie,nowosolski,"Nowa Sól","Nowa Sól",Fredry,1,U2,67-100,"formularz, telefoniczny, e-mail"
6128,"Apartament 74/M3",629412.00,12390.00,"2025-09-05 19:11:51",,,"Arkadia Park","indywidualna działalność gospodarcza",9251833765,080011636,"+48 532 11 00 44",sprzedaz@arkadiapark.pl,https://arkadiapark.pl/,lubuskie,nowosolski,"Nowa Sól","Nowa Sól",Fredry,1,U2,67-100,lubuskie,nowosolski,"Nowa Sól","Nowa Sól",Fredry,1,U2,67-100,"formularz, telefoniczny, e-mail"
6138,"Apartament 75/M2",516590.00,11490.00,"2025-09-05 19:11:51",,,"Arkadia Park","indywidualna działalność gospodarcza",9251833765,080011636,"+48 532 11 00 44",sprzedaz@arkadiapark.pl,https://arkadiapark.pl/,lubuskie,nowosolski,"Nowa Sól","Nowa Sól",Fredry,1,U2,67-100,lubuskie,nowosolski,"Nowa Sól","Nowa Sól",Fredry,1,U2,67-100,"formularz, telefoniczny, e-mail"
6148,"Apartament 76/M3",793125.00,12690.00,"2025-09-05 19:11:51",,,"Arkadia Park","indywidualna działalność gospodarcza",9251833765,080011636,"+48 532 11 00 44",sprzedaz@arkadiapark.pl,https://arkadiapark.pl/,lubuskie,nowosolski,"Nowa Sól","Nowa Sól",Fredry,1,U2,67-100,lubuskie,nowosolski,"Nowa Sól","Nowa Sól",Fredry,1,U2,67-100,"formularz, telefoniczny, e-mail"
6158,"Apartament 77/M4",925609.00,12690.00,"2025-09-05 19:11:51",,,"Arkadia Park","indywidualna działalność gospodarcza",9251833765,080011636,"+48 532 11 00 44",sprzedaz@arkadiapark.pl,https://arkadiapark.pl/,lubuskie,nowosolski,"Nowa Sól","Nowa Sól",Fredry,1,U2,67-100,lubuskie,nowosolski,"Nowa Sól","Nowa Sól",Fredry,1,U2,67-100,"formularz, telefoniczny, e-mail"
6168,"Apartament 78/M2",570806.00,13290.00,"2025-09-05 19:11:51",,,"Arkadia Park","indywidualna działalność gospodarcza",9251833765,080011636,"+48 532 11 00 44",sprzedaz@arkadiapark.pl,https://arkadiapark.pl/,lubuskie,nowosolski,"Nowa Sól","Nowa Sól",Fredry,1,U2,67-100,lubuskie,nowosolski,"Nowa Sól","Nowa Sól",Fredry,1,U2,67-100,"formularz, telefoniczny, e-mail"
6178,"Apartament 79/M2",467627.00,12690.00,"2025-09-05 19:11:51",,,"Arkadia Park","indywidualna działalność gospodarcza",9251833765,080011636,"+48 532 11 00 44",sprzedaz@arkadiapark.pl,https://arkadiapark.pl/,lubuskie,nowosolski,"Nowa Sól","Nowa Sól",Fredry,1,U2,67-100,lubuskie,nowosolski,"Nowa Sól","Nowa Sól",Fredry,1,U2,67-100,"formularz, telefoniczny, e-mail"
6188,"Apartament 80/M2",545036.00,12690.00,"2025-09-05 19:11:51",,,"Arkadia Park","indywidualna działalność gospodarcza",9251833765,080011636,"+48 532 11 00 44",sprzedaz@arkadiapark.pl,https://arkadiapark.pl/,lubuskie,nowosolski,"Nowa Sól","Nowa Sól",Fredry,1,U2,67-100,lubuskie,nowosolski,"Nowa Sól","Nowa Sól",Fredry,1,U2,67-100,"formularz, telefoniczny, e-mail"
6198,"Apartament 81/M3",800231.00,12690.00,"2025-09-05 19:11:50",,,"Arkadia Park","indywidualna działalność gospodarcza",9251833765,080011636,"+48 532 11 00 44",sprzedaz@arkadiapark.pl,https://arkadiapark.pl/,lubuskie,nowosolski,"Nowa Sól","Nowa Sól",Fredry,1,U2,67-100,lubuskie,nowosolski,"Nowa Sól","Nowa Sól",Fredry,1,U2,67-100,"formularz, telefoniczny, e-mail"
6213,"Apartament z antresolą 68/M4",1019824.00,12290.00,"2025-09-05 19:11:50",,,"Arkadia Park","indywidualna działalność gospodarcza",9251833765,080011636,"+48 532 11 00 44",sprzedaz@arkadiapark.pl,https://arkadiapark.pl/,lubuskie,nowosolski,"Nowa Sól","Nowa Sól",Fredry,1,U2,67-100,lubuskie,nowosolski,"Nowa Sól","Nowa Sól",Fredry,1,U2,67-100,"formularz, telefoniczny, e-mail"
6225,"Apartament z antresolą 83/M3",792865.00,12490.00,"2025-09-05 19:11:50",,,"Arkadia Park","indywidualna działalność gospodarcza",9251833765,080011636,"+48 532 11 00 44",sprzedaz@arkadiapark.pl,https://arkadiapark.pl/,lubuskie,nowosolski,"Nowa Sól","Nowa Sól",Fredry,1,U2,67-100,lubuskie,nowosolski,"Nowa Sól","Nowa Sól",Fredry,1,U2,67-100,"formularz, telefoniczny, e-mail"
6236,"Apartament z antresolą 84/M3",715177.00,12490.00,"2025-09-05 19:11:50",,,"Arkadia Park","indywidualna działalność gospodarcza",9251833765,080011636,"+48 532 11 00 44",sprzedaz@arkadiapark.pl,https://arkadiapark.pl/,lubuskie,nowosolski,"Nowa Sól","Nowa Sól",Fredry,1,U2,67-100,lubuskie,nowosolski,"Nowa Sól","Nowa Sól",Fredry,1,U2,67-100,"formularz, telefoniczny, e-mail"
6246,"Apartament z antresolą 85/M3",792865.00,12490.00,"2025-09-05 19:11:50",,,"Arkadia Park","indywidualna działalność gospodarcza",9251833765,080011636,"+48 532 11 00 44",sprzedaz@arkadiapark.pl,https://arkadiapark.pl/,lubuskie,nowosolski,"Nowa Sól","Nowa Sól",Fredry,1,U2,67-100,lubuskie,nowosolski,"Nowa Sól","Nowa Sól",Fredry,1,U2,67-100,"formularz, telefoniczny, e-mail"
6256,"Apartament 86/M3",624332.00,12290.00,"2025-09-05 19:11:50",,,"Arkadia Park","indywidualna działalność gospodarcza",9251833765,080011636,"+48 532 11 00 44",sprzedaz@arkadiapark.pl,https://arkadiapark.pl/,lubuskie,nowosolski,"Nowa Sól","Nowa Sól",Fredry,1,U2,67-100,lubuskie,nowosolski,"Nowa Sól","Nowa Sól",Fredry,1,U2,67-100,"formularz, telefoniczny, e-mail"
6266,"Apartament 87/M2",500874.00,12690.00,"2025-09-05 19:11:50",,,"Arkadia Park","indywidualna działalność gospodarcza",9251833765,080011636,"+48 532 11 00 44",sprzedaz@arkadiapark.pl,https://arkadiapark.pl/,lubuskie,nowosolski,"Nowa Sól","Nowa Sól",Fredry,1,U2,67-100,lubuskie,nowosolski,"Nowa Sól","Nowa Sól",Fredry,1,U2,67-100,"formularz, telefoniczny, e-mail"
6276,"Apartament 88/M4",820972.00,12290.00,"2025-09-05 19:11:50",,,"Arkadia Park","indywidualna działalność gospodarcza",9251833765,080011636,"+48 532 11 00 44",sprzedaz@arkadiapark.pl,https://arkadiapark.pl/,lubuskie,nowosolski,"Nowa Sól","Nowa Sól",Fredry,1,U2,67-100,lubuskie,nowosolski,"Nowa Sól","Nowa Sól",Fredry,1,U2,67-100,"formularz, telefoniczny, e-mail"
6286,"Apartament 89/M2",416105.00,12690.00,"2025-09-05 19:11:50",,,"Arkadia Park","indywidualna działalność gospodarcza",9251833765,080011636,"+48 532 11 00 44",sprzedaz@arkadiapark.pl,https://arkadiapark.pl/,lubuskie,nowosolski,"Nowa Sól","Nowa Sól",Fredry,1,U2,67-100,lubuskie,nowosolski,"Nowa Sól","Nowa Sól",Fredry,1,U2,67-100,"formularz, telefoniczny, e-mail"
6296,"Apartament 90/M3",780625.00,12490.00,"2025-09-05 19:11:50",,,"Arkadia Park","indywidualna działalność gospodarcza",9251833765,080011636,"+48 532 11 00 44",sprzedaz@arkadiapark.pl,https://arkadiapark.pl/,lubuskie,nowosolski,"Nowa Sól","Nowa Sól",Fredry,1,U2,67-100,lubuskie,nowosolski,"Nowa Sól","Nowa Sól",Fredry,1,U2,67-100,"formularz, telefoniczny, e-mail"
6306,"Apartament 91/M4",896433.00,12290.00,"2025-09-05 19:11:50",,,"Arkadia Park","indywidualna działalność gospodarcza",9251833765,080011636,"+48 532 11 00 44",sprzedaz@arkadiapark.pl,https://arkadiapark.pl/,lubuskie,nowosolski,"Nowa Sól","Nowa Sól",Fredry,1,U2,67-100,lubuskie,nowosolski,"Nowa Sól","Nowa Sól",Fredry,1,U2,67-100,"formularz, telefoniczny, e-mail"
6316,"Apartament 92/M2",516590.00,11490.00,"2025-09-05 19:11:50",,,"Arkadia Park","indywidualna działalność gospodarcza",9251833765,080011636,"+48 532 11 00 44",sprzedaz@arkadiapark.pl,https://arkadiapark.pl/,lubuskie,nowosolski,"Nowa Sól","Nowa Sól",Fredry,1,U2,67-100,lubuskie,nowosolski,"Nowa Sól","Nowa Sól",Fredry,1,U2,67-100,"formularz, telefoniczny, e-mail"
6326,"Apartament 93/M3",793125.00,12690.00,"2025-09-05 19:11:50",,,"Arkadia Park","indywidualna działalność gospodarcza",9251833765,080011636,"+48 532 11 00 44",sprzedaz@arkadiapark.pl,https://arkadiapark.pl/,lubuskie,nowosolski,"Nowa Sól","Nowa Sól",Fredry,1,U2,67-100,lubuskie,nowosolski,"Nowa Sól","Nowa Sól",Fredry,1,U2,67-100,"formularz, telefoniczny, e-mail"
6341,"Apartament 94/M4",896433.00,12290.00,"2025-09-05 19:11:50",,,"Arkadia Park","indywidualna działalność gospodarcza",9251833765,080011636,"+48 532 11 00 44",sprzedaz@arkadiapark.pl,https://arkadiapark.pl/,lubuskie,nowosolski,"Nowa Sól","Nowa Sól",Fredry,1,U2,67-100,lubuskie,nowosolski,"Nowa Sól","Nowa Sól",Fredry,1,U2,67-100,"formularz, telefoniczny, e-mail"
6351,"Apartament 95/M2",545036.00,12690.00,"2025-09-05 19:11:50",,,"Arkadia Park","indywidualna działalność gospodarcza",9251833765,080011636,"+48 532 11 00 44",sprzedaz@arkadiapark.pl,https://arkadiapark.pl/,lubuskie,nowosolski,"Nowa Sól","Nowa Sól",Fredry,1,U2,67-100,lubuskie,nowosolski,"Nowa Sól","Nowa Sól",Fredry,1,U2,67-100,"formularz, telefoniczny, e-mail"
6361,"Apartament 96/M2",467627.00,12690.00,"2025-09-05 19:11:50",,,"Arkadia Park","indywidualna działalność gospodarcza",9251833765,080011636,"+48 532 11 00 44",sprzedaz@arkadiapark.pl,https://arkadiapark.pl/,lubuskie,nowosolski,"Nowa Sól","Nowa Sól",Fredry,1,U2,67-100,lubuskie,nowosolski,"Nowa Sól","Nowa Sól",Fredry,1,U2,67-100,"formularz, telefoniczny, e-mail"
6371,"Apartament 97/M2",545036.00,12690.00,"2025-09-05 19:11:50",,,"Arkadia Park","indywidualna działalność gospodarcza",9251833765,080011636,"+48 532 11 00 44",sprzedaz@arkadiapark.pl,https://arkadiapark.pl/,lubuskie,nowosolski,"Nowa Sól","Nowa Sól",Fredry,1,U2,67-100,lubuskie,nowosolski,"Nowa Sól","Nowa Sól",Fredry,1,U2,67-100,"formularz, telefoniczny, e-mail"
6381,"Apartament 98/M3",819393.00,12690.00,"2025-09-05 19:11:50",,,"Arkadia Park","indywidualna działalność gospodarcza",9251833765,080011636,"+48 532 11 00 44",sprzedaz@arkadiapark.pl,https://arkadiapark.pl/,lubuskie,nowosolski,"Nowa Sól","Nowa Sól",Fredry,1,U2,67-100,lubuskie,nowosolski,"Nowa Sól","Nowa Sól",Fredry,1,U2,67-100,"formularz, telefoniczny, e-mail"
6391,"Penthouse z tarasem 99/M4",1275479.00,12490.00,"2025-09-05 19:11:50",,,"Arkadia Park","indywidualna działalność gospodarcza",9251833765,080011636,"+48 532 11 00 44",sprzedaz@arkadiapark.pl,https://arkadiapark.pl/,lubuskie,nowosolski,"Nowa Sól","Nowa Sól",Fredry,1,U2,67-100,lubuskie,nowosolski,"Nowa Sól","Nowa Sól",Fredry,1,U2,67-100,"formularz, telefoniczny, e-mail"
6404,"Penthouse z tarasem 100/M3",973094.00,13290.00,"2025-09-05 19:11:50",,,"Arkadia Park","indywidualna działalność gospodarcza",9251833765,080011636,"+48 532 11 00 44",sprzedaz@arkadiapark.pl,https://arkadiapark.pl/,lubuskie,nowosolski,"Nowa Sól","Nowa Sól",Fredry,1,U2,67-100,lubuskie,nowosolski,"Nowa Sól","Nowa Sól",Fredry,1,U2,67-100,"formularz, telefoniczny, e-mail"
6414,"Penthouse z tarasem 101/M5",1385205.00,11990.00,"2025-09-05 19:11:50",,,"Arkadia Park","indywidualna działalność gospodarcza",9251833765,080011636,"+48 532 11 00 44",sprzedaz@arkadiapark.pl,https://arkadiapark.pl/,lubuskie,nowosolski,"Nowa Sól","Nowa Sól",Fredry,1,U2,67-100,lubuskie,nowosolski,"Nowa Sól","Nowa Sól",Fredry,1,U2,67-100,"formularz, telefoniczny, e-mail"
6424,"Apartament z antresolą 102/M3",627527.00,12290.00,"2025-09-05 19:11:50",,,"Arkadia Park","indywidualna działalność gospodarcza",9251833765,080011636,"+48 532 11 00 44",sprzedaz@arkadiapark.pl,https://arkadiapark.pl/,lubuskie,nowosolski,"Nowa Sól","Nowa Sól",Fredry,1,U2,67-100,lubuskie,nowosolski,"Nowa Sól","Nowa Sól",Fredry,1,U2,67-100,"formularz, telefoniczny, e-mail"
6434,"Penthouse z tarasem 103/M5",1188809.00,11990.00,"2025-09-05 19:11:50",,,"Arkadia Park","indywidualna działalność gospodarcza",9251833765,080011636,"+48 532 11 00 44",sprzedaz@arkadiapark.pl,https://arkadiapark.pl/,lubuskie,nowosolski,"Nowa Sól","Nowa Sól",Fredry,1,U2,67-100,lubuskie,nowosolski,"Nowa Sól","Nowa Sól",Fredry,1,U2,67-100,"formularz, telefoniczny, e-mail"
6444,"Apartament 104/M4",925609.00,12690.00,"2025-09-05 19:11:50",,,"Arkadia Park","indywidualna działalność gospodarcza",9251833765,080011636,"+48 532 11 00 44",sprzedaz@arkadiapark.pl,https://arkadiapark.pl/,lubuskie,nowosolski,"Nowa Sól","Nowa Sól",Fredry,1,U2,67-100,lubuskie,nowosolski,"Nowa Sól","Nowa Sól",Fredry,1,U2,67-100,"formularz, telefoniczny, e-mail"
6454,"Apartament z antresolą 105/M3",836782.00,11990.00,"2025-09-05 19:11:50",,,"Arkadia Park","indywidualna działalność gospodarcza",9251833765,080011636,"+48 532 11 00 44",sprzedaz@arkadiapark.pl,https://arkadiapark.pl/,lubuskie,nowosolski,"Nowa Sól","Nowa Sól",Fredry,1,U2,67-100,lubuskie,nowosolski,"Nowa Sól","Nowa Sól",Fredry,1,U2,67-100,"formularz, telefoniczny, e-mail"
6466,"Penthouse z tarasem 106/M5",1287959.00,12990.00,"2025-09-05 19:11:50",,,"Arkadia Park","indywidualna działalność gospodarcza",9251833765,080011636,"+48 532 11 00 44",sprzedaz@arkadiapark.pl,https://arkadiapark.pl/,lubuskie,nowosolski,"Nowa Sól","Nowa Sól",Fredry,1,U2,67-100,lubuskie,nowosolski,"Nowa Sól","Nowa Sól",Fredry,1,U2,67-100,"formularz, telefoniczny, e-mail"
6476,"Apartament z tarasem 107/M4",896433.00,12290.00,"2025-09-05 19:11:50",,,"Arkadia Park","indywidualna działalność gospodarcza",9251833765,080011636,"+48 532 11 00 44",sprzedaz@arkadiapark.pl,https://arkadiapark.pl/,lubuskie,nowosolski,"Nowa Sól","Nowa Sól",Fredry,1,U2,67-100,lubuskie,nowosolski,"Nowa Sól","Nowa Sól",Fredry,1,U2,67-100,"formularz, telefoniczny, e-mail"
6486,"Penthouse z tarasem 108/M3",1009109.00,13290.00,"2025-10-03 17:03:32",986331.00,12990.00,"Arkadia Park","indywidualna działalność gospodarcza",9251833765,080011636,"+48 532 11 00 44",sprzedaz@arkadiapark.pl,https://arkadiapark.pl/,lubuskie,nowosolski,"Nowa Sól","Nowa Sól",Fredry,1,U2,67-100,lubuskie,nowosolski,"Nowa Sól","Nowa Sól",Fredry,1,U2,67-100,"formularz, telefoniczny, e-mail"
6496,"Penthouse z tarasem 109/M3",847208.00,12990.00,"2025-09-05 19:11:50",,,"Arkadia Park","indywidualna działalność gospodarcza",9251833765,080011636,"+48 532 11 00 44",sprzedaz@arkadiapark.pl,https://arkadiapark.pl/,lubuskie,nowosolski,"Nowa Sól","Nowa Sól",Fredry,1,U2,67-100,lubuskie,nowosolski,"Nowa Sól","Nowa Sól",Fredry,1,U2,67-100,"formularz, telefoniczny, e-mail"
6506,"Penthouse z tarasem 110/M3",986331.00,12990.00,"2025-09-05 19:11:50",,,"Arkadia Park","indywidualna działalność gospodarcza",9251833765,080011636,"+48 532 11 00 44",sprzedaz@arkadiapark.pl,https://arkadiapark.pl/,lubuskie,nowosolski,"Nowa Sól","Nowa Sól",Fredry,1,U2,67-100,lubuskie,nowosolski,"Nowa Sól","Nowa Sól",Fredry,1,U2,67-100,"formularz, telefoniczny, e-mail"
6516,"Penthouse z tarasem 111/M5",1347230.00,12290.00,"2025-09-05 19:11:50",,,"Arkadia Park","indywidualna działalność gospodarcza",9251833765,080011636,"+48 532 11 00 44",sprzedaz@arkadiapark.pl,https://arkadiapark.pl/,lubuskie,nowosolski,"Nowa Sól","Nowa Sól",Fredry,1,U2,67-100,lubuskie,nowosolski,"Nowa Sól","Nowa Sól",Fredry,1,U2,67-100,"formularz, telefoniczny, e-mail"
